"edge","exposure","outcome","SNP","b","se","p","samplesize"
"CAD -> HF","CAD","HF","rs10228189",0.284981435488879,0.0123102458656522,1.45582452778494e-118,1655370
"CAD -> HF","CAD","HF","rs10410487",0.286115665221577,0.0122821777788603,4.95996915590209e-120,1655370
"CAD -> HF","CAD","HF","rs10455872",0.28211970962972,0.0127829165087007,6.13127475686534e-108,1655370
"CAD -> HF","CAD","HF","rs10477741",0.285744847058449,0.0122947899004928,1.74881261419786e-119,1655370
"CAD -> HF","CAD","HF","rs10502900",0.285259868075893,0.012314799865673,1.05089395942915e-118,1655370
"CAD -> HF","CAD","HF","rs1051338",0.284581893492044,0.0123451881297391,1.40288827212042e-117,1655370
"CAD -> HF","CAD","HF","rs10773049",0.286154900107246,0.0122177806374853,2.60022178144405e-121,1655370
"CAD -> HF","CAD","HF","rs10774625",0.282685828626611,0.0121975806627942,8.03226597764739e-119,1655370
"CAD -> HF","CAD","HF","rs10841443",0.285310964405648,0.0123187810975845,1.13554147043343e-118,1655370
"CAD -> HF","CAD","HF","rs10857147",0.284400171251535,0.0122839232962046,1.38059120418033e-118,1655370
"CAD -> HF","CAD","HF","rs10928241",0.284877132525259,0.0123224182854792,3.00951613717771e-118,1655370
"CAD -> HF","CAD","HF","rs10930115",0.284974552075482,0.0123041548376367,1.1305386377365e-118,1655370
"CAD -> HF","CAD","HF","rs10951983",0.284585999246549,0.0122747840372241,6.51155307602556e-119,1655370
"CAD -> HF","CAD","HF","rs10961206",0.28521716221891,0.012315035272056,1.15071806424848e-118,1655370
"CAD -> HF","CAD","HF","rs11079536",0.28586453482762,0.012286756645641,9.78243437604306e-120,1655370
"CAD -> HF","CAD","HF","rs11080107",0.285289386332434,0.0123157909191329,1.03798051686842e-118,1655370
"CAD -> HF","CAD","HF","rs11099493",0.284908776652477,0.0123113674886324,1.75301210177975e-118,1655370
"CAD -> HF","CAD","HF","rs11107903",0.285869415964589,0.012311437432529,2.87156804396868e-119,1655370
"CAD -> HF","CAD","HF","rs11206803",0.285159019694131,0.0123232674336112,1.83793102611725e-118,1655370
"CAD -> HF","CAD","HF","rs112502960",0.286027025795423,0.0121715783535933,4.11889370340007e-122,1655370
"CAD -> HF","CAD","HF","rs112635299",0.285960786377261,0.0122816514800328,6.50349916836167e-120,1655370
"CAD -> HF","CAD","HF","rs112949822",0.285132641763616,0.0123150535138859,1.35040626414214e-118,1655370
"CAD -> HF","CAD","HF","rs113075218",0.285017465775538,0.0123130609968283,1.53796118132649e-118,1655370
"CAD -> HF","CAD","HF","rs1132274",0.285414206031072,0.0122943532645725,3.20775936964528e-119,1655370
"CAD -> HF","CAD","HF","rs114192718",0.284933732994256,0.0123062413087721,1.33743185863717e-118,1655370
"CAD -> HF","CAD","HF","rs11556924",0.285337609543019,0.0123372265330341,2.41079472301035e-118,1655370
"CAD -> HF","CAD","HF","rs11591147",0.28657681189266,0.0123308721625114,1.77083644961781e-119,1655370
"CAD -> HF","CAD","HF","rs11619113",0.286114559819803,0.012295887017547,9.1094479900029e-120,1655370
"CAD -> HF","CAD","HF","rs11648003",0.284679717912021,0.0122922641795266,1.17278692844012e-118,1655370
"CAD -> HF","CAD","HF","rs11752218",0.286126647584241,0.012273731020519,3.3408549253055e-120,1655370
"CAD -> HF","CAD","HF","rs1177562",0.284199206961776,0.0122555912427932,5.83159619585742e-119,1655370
"CAD -> HF","CAD","HF","rs1182933",0.283936336808363,0.0122527271007763,8.46258650674938e-119,1655370
"CAD -> HF","CAD","HF","rs11838267",0.285480209602235,0.0123089274158333,5.36509251440522e-119,1655370
"CAD -> HF","CAD","HF","rs11881473",0.285113005289939,0.0123067401301076,9.74844434294633e-119,1655370
"CAD -> HF","CAD","HF","rs11898671",0.284868378872785,0.0123114287179435,1.89662427227192e-118,1655370
"CAD -> HF","CAD","HF","rs12112877",0.284916470303391,0.0123119539855352,1.77252722019473e-118,1655370
"CAD -> HF","CAD","HF","rs12116494",0.28474464564437,0.0122955259548016,1.19650998826947e-118,1655370
"CAD -> HF","CAD","HF","rs1230666",0.28442499669758,0.0122974374245544,2.3763521984516e-118,1655370
"CAD -> HF","CAD","HF","rs12446515",0.28433767672914,0.0122733590445233,9.78504189679278e-119,1655370
"CAD -> HF","CAD","HF","rs1250247",0.285242703545464,0.0123324141216266,2.33765588546717e-118,1655370
"CAD -> HF","CAD","HF","rs12603201",0.285295206960049,0.0123082928467962,7.39856840420547e-119,1655370
"CAD -> HF","CAD","HF","rs12691049",0.284060448468009,0.0122057791168715,8.39724780724474e-120,1655370
"CAD -> HF","CAD","HF","rs12740374",0.283546049716777,0.0123984175161281,9.34221580910502e-116,1655370
"CAD -> HF","CAD","HF","rs12769369",0.285138110823525,0.012304221592452,8.32832195956195e-119,1655370
"CAD -> HF","CAD","HF","rs12897",0.286156234917291,0.012206794240963,1.581226422488e-121,1655370
"CAD -> HF","CAD","HF","rs12904944",0.284946089878672,0.0123082517723319,1.42644894601055e-118,1655370
"CAD -> HF","CAD","HF","rs12916",0.285989914476097,0.01223374846738,7.30345925269062e-121,1655370
"CAD -> HF","CAD","HF","rs12929479",0.285022135540582,0.0123098479762301,1.32515128143618e-118,1655370
"CAD -> HF","CAD","HF","rs12936927",0.285234700019256,0.0122984623530154,5.39348863533033e-119,1655370
"CAD -> HF","CAD","HF","rs13222797",0.284542407789626,0.012288249038388,1.27515100871286e-118,1655370
"CAD -> HF","CAD","HF","rs139012",0.285259147502221,0.0123106647282633,8.7844833516669e-119,1655370
"CAD -> HF","CAD","HF","rs140570886",0.284382262591255,0.0124677073953693,3.68987590591728e-115,1655370
"CAD -> HF","CAD","HF","rs1476535",0.28515812684017,0.0123055200352806,8.48812912862183e-119,1655370
"CAD -> HF","CAD","HF","rs147711004",0.287298360990557,0.0119183655570104,2.18797502935564e-128,1655370
"CAD -> HF","CAD","HF","rs147762096",0.285193932441031,0.0123148247024626,1.1912044843479e-118,1655370
"CAD -> HF","CAD","HF","rs148812085",0.287301083055863,0.0123556883689533,1.34094516226225e-119,1655370
"CAD -> HF","CAD","HF","rs1510758",0.286201857260524,0.0121784394074754,4.01202002905827e-122,1655370
"CAD -> HF","CAD","HF","rs16986953",0.284273729804744,0.0123000783794347,3.5447160179292e-118,1655370
"CAD -> HF","CAD","HF","rs17083333",0.284963418167045,0.012309328786091,1.4470376980412e-118,1655370
"CAD -> HF","CAD","HF","rs17086617",0.285896997802385,0.0122928633830967,1.20419528753526e-119,1655370
"CAD -> HF","CAD","HF","rs17163363",0.284557468608546,0.0123573999387533,2.4843145098372e-117,1655370
"CAD -> HF","CAD","HF","rs17263917",0.286187797198203,0.0122728990781584,2.86604546917842e-120,1655370
"CAD -> HF","CAD","HF","rs17566555",0.283936110446773,0.0122108252635195,1.33211802928703e-119,1655370
"CAD -> HF","CAD","HF","rs17833407",0.285768138460491,0.0122832962921239,1.00818408814698e-119,1655370
"CAD -> HF","CAD","HF","rs17843797",0.28517511162646,0.0123214037611549,1.64412926950891e-118,1655370
"CAD -> HF","CAD","HF","rs1807214",0.2849676289516,0.0123195684566085,2.24272576756291e-118,1655370
"CAD -> HF","CAD","HF","rs185244",0.285928602239812,0.012312056950426,2.63848020905085e-119,1655370
"CAD -> HF","CAD","HF","rs188581689",0.285092551665727,0.0123085444780111,1.09626047122751e-118,1655370
"CAD -> HF","CAD","HF","rs1962412",0.284239630737919,0.012263504511739,7.64672199540149e-119,1655370
"CAD -> HF","CAD","HF","rs1967604",0.28441019531506,0.0123038200456793,3.22642128287939e-118,1655370
"CAD -> HF","CAD","HF","rs2001846",0.284583122128936,0.0123269635226528,6.36697655733996e-118,1655370
"CAD -> HF","CAD","HF","rs2067831",0.285701265099497,0.012306365580482,3.15847577297604e-119,1655370
"CAD -> HF","CAD","HF","rs2107595",0.285347417883967,0.0123338822737787,2.04663371748741e-118,1655370
"CAD -> HF","CAD","HF","rs2327426",0.284999831780882,0.0123566461614554,1.05230349776117e-117,1655370
"CAD -> HF","CAD","HF","rs2410859",0.285057271910866,0.0123105120971607,1.27671750681533e-118,1655370
"CAD -> HF","CAD","HF","rs243071",0.284801339315896,0.0123018075442926,1.41456140350374e-118,1655370
"CAD -> HF","CAD","HF","rs249760",0.285744270878952,0.0122660373457675,4.91674660284352e-120,1655370
"CAD -> HF","CAD","HF","rs2672592",0.285978221752678,0.0122629640389437,2.74789955398641e-120,1655370
"CAD -> HF","CAD","HF","rs2674839",0.284831123034639,0.0122988051413638,1.17296106725961e-118,1655370
"CAD -> HF","CAD","HF","rs2681472",0.286253270247429,0.012271860731105,2.41614992894776e-120,1655370
"CAD -> HF","CAD","HF","rs2683235",0.285439164273272,0.0123019439371264,4.26937708109889e-119,1655370
"CAD -> HF","CAD","HF","rs2839812",0.28619361763289,0.0123389961850401,5.20560477411279e-119,1655370
"CAD -> HF","CAD","HF","rs2843152",0.285006005894314,0.0123190527129221,2.04019934650628e-118,1655370
"CAD -> HF","CAD","HF","rs28451064",0.284842766102533,0.0124072428445553,1.23204583131751e-116,1655370
"CAD -> HF","CAD","HF","rs28567450",0.283509528954879,0.012111770933638,3.56195426677319e-121,1655370
"CAD -> HF","CAD","HF","rs2891168",0.289088043495146,0.0128576217601445,5.98114344442364e-112,1655370
"CAD -> HF","CAD","HF","rs2983896",0.285945466476017,0.0122598783281781,2.55006845172539e-120,1655370
"CAD -> HF","CAD","HF","rs299946",0.284532105223554,0.0122755699838318,7.46344373985e-119,1655370
"CAD -> HF","CAD","HF","rs34759087",0.283873403155824,0.0122247657917692,2.78287066673331e-119,1655370
"CAD -> HF","CAD","HF","rs34917849",0.285438217576185,0.0123031888863662,4.51692549101989e-119,1655370
"CAD -> HF","CAD","HF","rs34991912",0.285590334961859,0.0123045924506318,3.60365058463148e-119,1655370
"CAD -> HF","CAD","HF","rs35079125",0.284601110896023,0.0122861049055355,1.03918344946038e-118,1655370
"CAD -> HF","CAD","HF","rs35611688",0.285752154298042,0.0122709419802171,6.01900519303376e-120,1655370
"CAD -> HF","CAD","HF","rs357494",0.285329212927646,0.0123168041587407,1.00647994518029e-118,1655370
"CAD -> HF","CAD","HF","rs360153",0.284854008667523,0.0123198091254695,2.80623678222728e-118,1655370
"CAD -> HF","CAD","HF","rs36033161",0.284308618285536,0.0123290691513843,1.16691288620775e-117,1655370
"CAD -> HF","CAD","HF","rs3776307",0.284592431591116,0.0123021638723174,2.12992553273339e-118,1655370
"CAD -> HF","CAD","HF","rs3796587",0.284760644427914,0.0123422489802216,8.84322118212855e-118,1655370
"CAD -> HF","CAD","HF","rs3918226",0.283405275683494,0.0123073515863748,2.48298695187678e-117,1655370
"CAD -> HF","CAD","HF","rs3936510",0.285175458472757,0.0123165561556378,1.33014777137055e-118,1655370
"CAD -> HF","CAD","HF","rs4074793",0.285782051088439,0.0122723461214012,6.05114330007673e-120,1655370
"CAD -> HF","CAD","HF","rs4245791",0.284365902292948,0.0123085857744013,4.31416849267414e-118,1655370
"CAD -> HF","CAD","HF","rs4266144",0.284933605451397,0.0123078059978436,1.43227892564448e-118,1655370
"CAD -> HF","CAD","HF","rs4345206",0.286220916321208,0.0121998810583232,1.02178025436156e-121,1655370
"CAD -> HF","CAD","HF","rs4757140",0.284625420458162,0.0122802967335089,7.69626055778424e-119,1655370
"CAD -> HF","CAD","HF","rs476828",0.283850683947957,0.0121512895860507,1.09789765148094e-120,1655370
"CAD -> HF","CAD","HF","rs4790881",0.283340780515418,0.012210461274575,4.07661479841509e-119,1655370
"CAD -> HF","CAD","HF","rs4897178",0.285809657269428,0.0122189149114629,5.30744971236527e-121,1655370
"CAD -> HF","CAD","HF","rs4930299",0.285528982168234,0.0122950201292115,2.65835682003275e-119,1655370
"CAD -> HF","CAD","HF","rs494207",0.286427445979163,0.0122790853669567,2.39029070815467e-120,1655370
"CAD -> HF","CAD","HF","rs515135",0.286538969616794,0.0122485862755774,4.96105167433554e-121,1655370
"CAD -> HF","CAD","HF","rs55997232",0.284035909247723,0.0123554093689798,6.03481723255109e-117,1655370
"CAD -> HF","CAD","HF","rs56062135",0.285059041846539,0.0123435474947896,5.3480036344981e-118,1655370
"CAD -> HF","CAD","HF","rs56170783",0.283208264169015,0.0123188431402177,5.89025140566955e-117,1655370
"CAD -> HF","CAD","HF","rs56254331",0.285375256507192,0.0123257015178796,1.36040627603694e-118,1655370
"CAD -> HF","CAD","HF","rs56408342",0.285022553477752,0.0123249777108078,2.55913296412904e-118,1655370
"CAD -> HF","CAD","HF","rs582384",0.28545429944812,0.0122879509466997,2.24397502372157e-119,1655370
"CAD -> HF","CAD","HF","rs58328848",0.284414487548671,0.0122547584451116,3.73733227194543e-119,1655370
"CAD -> HF","CAD","HF","rs584961",0.285248661354008,0.012324079405456,1.60856466838083e-118,1655370
"CAD -> HF","CAD","HF","rs58891666",0.285024874472117,0.0123111681142689,1.39648371170973e-118,1655370
"CAD -> HF","CAD","HF","rs6006426",0.284476474463088,0.0122897134698241,1.53956616659874e-118,1655370
"CAD -> HF","CAD","HF","rs60154123",0.284609918501049,0.0122846682652593,9.59754090506985e-119,1655370
"CAD -> HF","CAD","HF","rs6026739",0.284517866091173,0.0122923410902803,1.59705008370991e-118,1655370
"CAD -> HF","CAD","HF","rs6088595",0.286002599060872,0.0122600951127912,2.30910347601143e-120,1655370
"CAD -> HF","CAD","HF","rs61776719",0.285547675366501,0.0123073632291877,4.41061077440199e-119,1655370
"CAD -> HF","CAD","HF","rs61797068",0.285425884683327,0.0123036007152963,4.70760169041506e-119,1655370
"CAD -> HF","CAD","HF","rs61806987",0.284624698295709,0.0123012285146747,1.92421100331105e-118,1655370
"CAD -> HF","CAD","HF","rs62434129",0.284496863148167,0.0122697653600945,6.18450006426868e-119,1655370
"CAD -> HF","CAD","HF","rs633185",0.284663152788568,0.012305067765963,2.11575568436085e-118,1655370
"CAD -> HF","CAD","HF","rs651007",0.281634031477752,0.0118692512927564,1.8523763037586e-124,1655370
"CAD -> HF","CAD","HF","rs6686750",0.284745018550058,0.0123204320972916,3.53883835615872e-118,1655370
"CAD -> HF","CAD","HF","rs6841581",0.285101065259358,0.0123538798289633,7.72744336207648e-118,1655370
"CAD -> HF","CAD","HF","rs6905288",0.286815854522451,0.0121649413380411,6.59795602141492e-123,1655370
"CAD -> HF","CAD","HF","rs6909752",0.284384390109764,0.0122612918524846,5.27446986755012e-119,1655370
"CAD -> HF","CAD","HF","rs7118294",0.285491036931751,0.0123079871850757,5.04451357054873e-119,1655370
"CAD -> HF","CAD","HF","rs71313931",0.285279971923692,0.0123116037142035,8.79995922265842e-119,1655370
"CAD -> HF","CAD","HF","rs71440063",0.285202281726148,0.0123151921641048,1.19156497457537e-118,1655370
"CAD -> HF","CAD","HF","rs7173743",0.287719567938914,0.0122874055786013,2.94961042712916e-121,1655370
"CAD -> HF","CAD","HF","rs7183988",0.284753893938695,0.0123671448542005,2.61739185311517e-117,1655370
"CAD -> HF","CAD","HF","rs7218235",0.285513675180874,0.0122961269152859,2.87283554797257e-119,1655370
"CAD -> HF","CAD","HF","rs72658867",0.285218795545887,0.0123237177846608,1.67495788857391e-118,1655370
"CAD -> HF","CAD","HF","rs72836800",0.28444066641494,0.0122775310502022,9.66852512794244e-119,1655370
"CAD -> HF","CAD","HF","rs733701",0.285448441523059,0.0123110335887766,6.24666671523246e-119,1655370
"CAD -> HF","CAD","HF","rs73596816",0.284322437966248,0.0122724425242153,9.67473740886454e-119,1655370
"CAD -> HF","CAD","HF","rs7412",0.287920107558775,0.0123386317596235,1.96414595033076e-120,1655370
"CAD -> HF","CAD","HF","rs7413494",0.285353236842058,0.0122979195699839,4.20968357335637e-119,1655370
"CAD -> HF","CAD","HF","rs7440763",0.285761883308856,0.0123006546129745,2.19164025388556e-119,1655370
"CAD -> HF","CAD","HF","rs74618856",0.285464372300063,0.0123008850670811,3.88605191276861e-119,1655370
"CAD -> HF","CAD","HF","rs7485656",0.284284375337111,0.0123081323425416,4.93081440125708e-118,1655370
"CAD -> HF","CAD","HF","rs75160195",0.285549147849985,0.0123096383982698,4.85933629763565e-119,1655370
"CAD -> HF","CAD","HF","rs7678555",0.285473845267229,0.0123095805526025,5.58743131003875e-119,1655370
"CAD -> HF","CAD","HF","rs77787671",0.285013648289479,0.0123266888541353,2.80323711749227e-118,1655370
"CAD -> HF","CAD","HF","rs781663",0.286451708566568,0.0122126711266649,1.16748400591116e-121,1655370
"CAD -> HF","CAD","HF","rs78310134",0.285928994115784,0.0122738223966405,4.88537725869487e-120,1655370
"CAD -> HF","CAD","HF","rs79598313",0.285432899768679,0.0123008813937438,4.12355308050412e-119,1655370
"CAD -> HF","CAD","HF","rs8108474",0.285457340171623,0.0123105730366235,6.02011084619055e-119,1655370
"CAD -> HF","CAD","HF","rs8124182",0.28480930815563,0.0123131259745194,2.28231662719865e-118,1655370
"CAD -> HF","CAD","HF","rs867186",0.284832592422833,0.0123070675046104,1.67764500565141e-118,1655370
"CAD -> HF","CAD","HF","rs869396",0.284369338636927,0.0122814377531708,1.31266269378303e-118,1655370
"CAD -> HF","CAD","HF","rs885150",0.284615810536049,0.0122991803870264,1.78951548383715e-118,1655370
"CAD -> HF","CAD","HF","rs894211",0.283614674749786,0.0122288247713123,5.444360746648e-119,1655370
"CAD -> HF","CAD","HF","rs9337951",0.284160928656125,0.0123134189529739,7.82066491216417e-118,1655370
"CAD -> HF","CAD","HF","rs9349379",0.289438983211196,0.0123593836931225,2.76532140165473e-121,1655370
"CAD -> HF","CAD","HF","rs9361867",0.285599257924605,0.0123054437062654,3.67819025171334e-119,1655370
"CAD -> HF","CAD","HF","rs9515203",0.283963755073494,0.0123270982032368,2.04464042707341e-117,1655370
"CAD -> HF","CAD","HF","rs952227",0.285796601254109,0.0122922721359128,1.41910135889144e-119,1655370
"CAD -> HF","CAD","HF","rs964184",0.284422048939867,0.0123045868382109,3.26227182739698e-118,1655370
"CAD -> HF","CAD","HF","rs9647335",0.284155112340444,0.0122797333160135,1.82593955544118e-118,1655370
"CAD -> HF","CAD","HF","rs9905761",0.284257100929404,0.0122686288283771,9.26247629345331e-119,1655370
"CAD -> HF","CAD","HF","rs9945890",0.284404960759286,0.0122784037756466,1.07465303182329e-118,1655370
"CAD -> HF","CAD","HF","rs9951447",0.285689519689331,0.0122933873531332,1.82574416681667e-119,1655370
"CAD -> HF","CAD","HF","All",0.285128893290755,0.0122601074227689,1.21868603143507e-119,1655370
"BMI -> CAD","BMI","CAD","rs10132280",0.386828043963677,0.0280274403367959,2.48700749925062e-43,1165600
"BMI -> CAD","BMI","CAD","rs10169594",0.386326396883498,0.0279781571792064,2.27623785755065e-43,1165600
"BMI -> CAD","BMI","CAD","rs10182181",0.388563973719304,0.0281001833117211,1.73215945279574e-43,1165600
"BMI -> CAD","BMI","CAD","rs10192119",0.387258306314339,0.0279909650798367,1.56479353123809e-43,1165600
"BMI -> CAD","BMI","CAD","rs10197031",0.386524436775345,0.027996574955866,2.3406334250462e-43,1165600
"BMI -> CAD","BMI","CAD","rs10247983",0.387533802734702,0.027979666198188,1.26239424594639e-43,1165600
"BMI -> CAD","BMI","CAD","rs10248136",0.386767860951145,0.0279826219400336,1.88520884062102e-43,1165600
"BMI -> CAD","BMI","CAD","rs10269783",0.387150636974543,0.0279943012833537,1.6890304935517e-43,1165600
"BMI -> CAD","BMI","CAD","rs10478110",0.387616395336596,0.0279698873562631,1.13252872555362e-43,1165600
"BMI -> CAD","BMI","CAD","rs1048932",0.387008046909044,0.0280060894922533,1.96558967348638e-43,1165600
"BMI -> CAD","BMI","CAD","rs10492229",0.386961348567293,0.0279899731243629,1.80115142357037e-43,1165600
"BMI -> CAD","BMI","CAD","rs10510419",0.387538423138031,0.0279837388875799,1.29534028673157e-43,1165600
"BMI -> CAD","BMI","CAD","rs10518694",0.38703758246057,0.0279854651961426,1.68137503339569e-43,1165600
"BMI -> CAD","BMI","CAD","rs1064213",0.386329220833262,0.0279799048122144,2.30042449939971e-43,1165600
"BMI -> CAD","BMI","CAD","rs10733051",0.38705400822628,0.0279833066971306,1.64315928227107e-43,1165600
"BMI -> CAD","BMI","CAD","rs10741329",0.387192319490423,0.027983256926586,1.5334929234767e-43,1165600
"BMI -> CAD","BMI","CAD","rs10742752",0.387075944554128,0.0279911550778957,1.7153887411156e-43,1165600
"BMI -> CAD","BMI","CAD","rs10747488",0.385146153118467,0.0278691213547192,1.93561666505108e-43,1165600
"BMI -> CAD","BMI","CAD","rs1075901",0.38690474747649,0.0279912039664176,1.86819186515724e-43,1165600
"BMI -> CAD","BMI","CAD","rs10768994",0.387743444578775,0.0279698090451879,1.06250339617707e-43,1165600
"BMI -> CAD","BMI","CAD","rs10795422",0.387148766966945,0.0279921153425633,1.66540765052471e-43,1165600
"BMI -> CAD","BMI","CAD","rs10811871",0.386119826332494,0.0279622026019928,2.2607743094122e-43,1165600
"BMI -> CAD","BMI","CAD","rs10824345",0.386300856355835,0.0279712586341773,2.19883319345914e-43,1165600
"BMI -> CAD","BMI","CAD","rs10827649",0.38729139324406,0.0279794241505825,1.42180032924225e-43,1165600
"BMI -> CAD","BMI","CAD","rs10832778",0.387726773444486,0.0279780418053565,1.13401213710745e-43,1165600
"BMI -> CAD","BMI","CAD","rs10842166",0.387736524281558,0.0279612548835178,1.00498444017393e-43,1165600
"BMI -> CAD","BMI","CAD","rs10842240",0.387159326856867,0.028001490175363,1.76683851608764e-43,1165600
"BMI -> CAD","BMI","CAD","rs10858334",0.386677966688025,0.0279796484613814,1.93144156333067e-43,1165600
"BMI -> CAD","BMI","CAD","rs10867256",0.387046489540935,0.0279902085289648,1.72938668120306e-43,1165600
"BMI -> CAD","BMI","CAD","rs10878946",0.386655074069337,0.0279892551890733,2.08653942640396e-43,1165600
"BMI -> CAD","BMI","CAD","rs10915840",0.387149544213995,0.0279850505652973,1.58587742278824e-43,1165600
"BMI -> CAD","BMI","CAD","rs10920678",0.386094873786268,0.0279891985716722,2.75343133969633e-43,1165600
"BMI -> CAD","BMI","CAD","rs10938397",0.383015025009883,0.0280589331926524,2.00835997676793e-42,1165600
"BMI -> CAD","BMI","CAD","rs10942267",0.387829095446641,0.0279864548891788,1.14209431925726e-43,1165600
"BMI -> CAD","BMI","CAD","rs10953740",0.387895946361969,0.0279866428143521,1.10614941826811e-43,1165600
"BMI -> CAD","BMI","CAD","rs10962550",0.385403539620944,0.0279538195583046,3.04550507729288e-43,1165600
"BMI -> CAD","BMI","CAD","rs10968114",0.387394780421477,0.0279839861024005,1.39363497385583e-43,1165600
"BMI -> CAD","BMI","CAD","rs10971709",0.387613706378882,0.0279733786976704,1.16169942671083e-43,1165600
"BMI -> CAD","BMI","CAD","rs10975933",0.386482989867354,0.0279833548067642,2.18244716428873e-43,1165600
"BMI -> CAD","BMI","CAD","rs10984756",0.387377187676155,0.0279810692504282,1.37793138847206e-43,1165600
"BMI -> CAD","BMI","CAD","rs11030618",0.386511406846739,0.0279810085785642,2.1175672431101e-43,1165600
"BMI -> CAD","BMI","CAD","rs11066188",0.392451227342435,0.0270613195478235,1.17166737370615e-47,1165600
"BMI -> CAD","BMI","CAD","rs11084553",0.387124915982791,0.0279989568792647,1.76629884178322e-43,1165600
"BMI -> CAD","BMI","CAD","rs11105839",0.386983684589642,0.0279869478855733,1.74467039110392e-43,1165600
"BMI -> CAD","BMI","CAD","rs11115176",0.38672875328582,0.0279835843140474,1.93490284081174e-43,1165600
"BMI -> CAD","BMI","CAD","rs11118308",0.388400722933739,0.0279127975681536,5.1510838794552e-44,1165600
"BMI -> CAD","BMI","CAD","rs11129661",0.386417724109037,0.027973407446658,2.10570806951875e-43,1165600
"BMI -> CAD","BMI","CAD","rs11150911",0.387530277677213,0.0279825410232817,1.28991088612841e-43,1165600
"BMI -> CAD","BMI","CAD","rs11165643",0.386818012772948,0.0280249259120624,2.45681551738367e-43,1165600
"BMI -> CAD","BMI","CAD","rs11170468",0.385910622073359,0.0279425310372013,2.19173072133312e-43,1165600
"BMI -> CAD","BMI","CAD","rs11173522",0.387201651377253,0.0279852755185459,1.5477324816231e-43,1165600
"BMI -> CAD","BMI","CAD","rs11185111",0.387419219345934,0.0279856973128564,1.39311545245439e-43,1165600
"BMI -> CAD","BMI","CAD","rs11251352",0.387488239497661,0.0279785999029195,1.28188632628786e-43,1165600
"BMI -> CAD","BMI","CAD","rs11496125",0.387432043026828,0.0280078861185287,1.61240334021501e-43,1165600
"BMI -> CAD","BMI","CAD","rs11505821",0.387649039752462,0.0279981988321854,1.3543654953997e-43,1165600
"BMI -> CAD","BMI","CAD","rs1150659",0.385947965937367,0.0279595900382514,2.41839653638996e-43,1165600
"BMI -> CAD","BMI","CAD","rs11538",0.388024954083965,0.0279453000975525,7.79265246866033e-44,1165600
"BMI -> CAD","BMI","CAD","rs11577094",0.38565689974819,0.0279149961062133,2.05801444917023e-43,1165600
"BMI -> CAD","BMI","CAD","rs1158805",0.387569676816075,0.027988894773739,1.32146397029189e-43,1165600
"BMI -> CAD","BMI","CAD","rs11609659",0.385723283703237,0.0279592673823291,2.69761395185173e-43,1165600
"BMI -> CAD","BMI","CAD","rs11611246",0.387016148397807,0.0280232485287081,2.20179956270309e-43,1165600
"BMI -> CAD","BMI","CAD","rs11614340",0.388195583797339,0.0279435857061688,7.07131747690405e-44,1165600
"BMI -> CAD","BMI","CAD","rs11615578",0.388845335706628,0.0278742475770555,3.14671548232805e-44,1165600
"BMI -> CAD","BMI","CAD","rs11656076",0.386401415958374,0.0279814386947919,2.24293992982956e-43,1165600
"BMI -> CAD","BMI","CAD","rs11672660",0.382973792710168,0.0279789702544203,1.19899048599608e-42,1165600
"BMI -> CAD","BMI","CAD","rs11713193",0.383557545561608,0.0279629587227997,8.07319731347222e-43,1165600
"BMI -> CAD","BMI","CAD","rs11736228",0.386177075086569,0.0279760087889013,2.41543760635476e-43,1165600
"BMI -> CAD","BMI","CAD","rs11738695",0.386599272359827,0.0279779674197843,1.98536508523753e-43,1165600
"BMI -> CAD","BMI","CAD","rs11739877",0.38727027942872,0.0279864926371741,1.50840674207587e-43,1165600
"BMI -> CAD","BMI","CAD","rs11773362",0.387889099097086,0.027959814381432,9.22133554203636e-44,1165600
"BMI -> CAD","BMI","CAD","rs11781699",0.386795532306252,0.0279842224069009,1.88002128719802e-43,1165600
"BMI -> CAD","BMI","CAD","rs11856579",0.385534882485539,0.0279389057882998,2.57653799972502e-43,1165600
"BMI -> CAD","BMI","CAD","rs1187352",0.386965002572155,0.027988850268335,1.78408235254763e-43,1165600
"BMI -> CAD","BMI","CAD","rs1188017",0.386249805520234,0.0279706755786433,2.24625979526148e-43,1165600
"BMI -> CAD","BMI","CAD","rs11880870",0.385248268458747,0.0279886372681377,4.17031509609566e-43,1165600
"BMI -> CAD","BMI","CAD","rs11889536",0.385787328033917,0.0279681173887367,2.77638197556238e-43,1165600
"BMI -> CAD","BMI","CAD","rs11904898",0.38764844637186,0.0279671481180086,1.09371300691066e-43,1165600
"BMI -> CAD","BMI","CAD","rs11945861",0.388008865670595,0.027968569865303,9.22915034805072e-44,1165600
"BMI -> CAD","BMI","CAD","rs11951673",0.386610589725383,0.0279877172092773,2.11073472642798e-43,1165600
"BMI -> CAD","BMI","CAD","rs12033257",0.388293271063235,0.0279625947430869,7.68381984670726e-44,1165600
"BMI -> CAD","BMI","CAD","rs12041258",0.386605200268824,0.0279885327479177,2.12824676022316e-43,1165600
"BMI -> CAD","BMI","CAD","rs12044597",0.390185611717475,0.0278136564937727,1.04243521392835e-44,1165600
"BMI -> CAD","BMI","CAD","rs12049202",0.386897757429672,0.0280203798393642,2.28941813163204e-43,1165600
"BMI -> CAD","BMI","CAD","rs12150665",0.385895210552342,0.0279896357664082,3.04872258155111e-43,1165600
"BMI -> CAD","BMI","CAD","rs1218822",0.386794514834479,0.0280059820275773,2.18351145670468e-43,1165600
"BMI -> CAD","BMI","CAD","rs12299814",0.387163584802445,0.0279964714493278,1.70340251843639e-43,1165600
"BMI -> CAD","BMI","CAD","rs12328930",0.387163242051876,0.0279826464061286,1.5492972388483e-43,1165600
"BMI -> CAD","BMI","CAD","rs12334877",0.386333691729756,0.0279790889301064,2.28253713587302e-43,1165600
"BMI -> CAD","BMI","CAD","rs12364470",0.387236132675081,0.0279915884868503,1.58891991693488e-43,1165600
"BMI -> CAD","BMI","CAD","rs12369179",0.387987371095074,0.0280055235598082,1.20389803483087e-43,1165600
"BMI -> CAD","BMI","CAD","rs12416812",0.387194102983466,0.0279853789490918,1.55465439463848e-43,1165600
"BMI -> CAD","BMI","CAD","rs1241986",0.387171530781319,0.0279848478791306,1.56646107783814e-43,1165600
"BMI -> CAD","BMI","CAD","rs12429545",0.388305644688996,0.028017019708072,1.11239689713548e-43,1165600
"BMI -> CAD","BMI","CAD","rs12448257",0.386179919796696,0.0279918667991698,2.68841112707779e-43,1165600
"BMI -> CAD","BMI","CAD","rs12495178",0.387233511658192,0.0280119414767847,1.82956274068378e-43,1165600
"BMI -> CAD","BMI","CAD","rs12527426",0.387755059924275,0.0279793058487857,1.12794838569673e-43,1165600
"BMI -> CAD","BMI","CAD","rs12564992",0.387523458571145,0.0279865074255529,1.33014112489785e-43,1165600
"BMI -> CAD","BMI","CAD","rs12593036",0.386129735290146,0.0279858391755894,2.64483913424799e-43,1165600
"BMI -> CAD","BMI","CAD","rs12602912",0.38522459727453,0.0279438134632748,3.10804338581949e-43,1165600
"BMI -> CAD","BMI","CAD","rs1260326",0.388954092964915,0.0278485625488241,2.48697335917071e-44,1165600
"BMI -> CAD","BMI","CAD","rs12629015",0.386882615380458,0.0279868416472929,1.83312651565798e-43,1165600
"BMI -> CAD","BMI","CAD","rs12652212",0.386771862255369,0.0279906458165601,1.98792827379381e-43,1165600
"BMI -> CAD","BMI","CAD","rs1266874",0.38620881608696,0.0279812378437079,2.46436271974332e-43,1165600
"BMI -> CAD","BMI","CAD","rs12675063",0.38700486710702,0.0279858411313862,1.7133396025266e-43,1165600
"BMI -> CAD","BMI","CAD","rs1268065",0.387560418342174,0.0279737275118979,1.19580561093239e-43,1165600
"BMI -> CAD","BMI","CAD","rs12680842",0.388725608629971,0.0279179961878781,4.53873708508859e-44,1165600
"BMI -> CAD","BMI","CAD","rs12718572",0.387188558251893,0.0279877871140798,1.58496666795207e-43,1165600
"BMI -> CAD","BMI","CAD","rs12762034",0.386951600128947,0.0279953494742298,1.87790410832896e-43,1165600
"BMI -> CAD","BMI","CAD","rs12779328",0.387383715913175,0.0279762413775437,1.32854777751602e-43,1165600
"BMI -> CAD","BMI","CAD","rs12881629",0.387118758647195,0.0279887436405099,1.65171190171941e-43,1165600
"BMI -> CAD","BMI","CAD","rs12888545",0.387060125378302,0.0279894339921669,1.7086032632124e-43,1165600
"BMI -> CAD","BMI","CAD","rs12905439",0.386773285194121,0.0279860771519122,1.92524455075891e-43,1165600
"BMI -> CAD","BMI","CAD","rs12922346",0.386918140843579,0.0279906286214423,1.84850099730103e-43,1165600
"BMI -> CAD","BMI","CAD","rs12933482",0.385981341112552,0.0279570781385719,2.33807559252862e-43,1165600
"BMI -> CAD","BMI","CAD","rs12936083",0.387707328474972,0.0279839031115421,1.19228026227065e-43,1165600
"BMI -> CAD","BMI","CAD","rs12939549",0.387441320358571,0.0280128298428348,1.66040759040987e-43,1165600
"BMI -> CAD","BMI","CAD","rs1296328",0.387720014186453,0.0280071110621851,1.39010492741689e-43,1165600
"BMI -> CAD","BMI","CAD","rs12964689",0.387669391644444,0.0280245952442585,1.60744142403643e-43,1165600
"BMI -> CAD","BMI","CAD","rs12981256",0.38615350391721,0.0279841870315172,2.5844990198675e-43,1165600
"BMI -> CAD","BMI","CAD","rs13021737",0.386431087624467,0.0282295575299685,1.18315358813804e-42,1165600
"BMI -> CAD","BMI","CAD","rs1304070",0.386913342599849,0.027987136833088,1.8090335294719e-43,1165600
"BMI -> CAD","BMI","CAD","rs13047416",0.388085882059966,0.0279822198262802,9.76052649230495e-44,1165600
"BMI -> CAD","BMI","CAD","rs13069244",0.387577792616143,0.0279674393225234,1.13516999765906e-43,1165600
"BMI -> CAD","BMI","CAD","rs13107325",0.389271290792611,0.0279851013845435,5.51199003533005e-44,1165600
"BMI -> CAD","BMI","CAD","rs13110266",0.386388254488071,0.0279785648525655,2.21361691551237e-43,1165600
"BMI -> CAD","BMI","CAD","rs13147390",0.387499070701654,0.0279746283992841,1.24056758143339e-43,1165600
"BMI -> CAD","BMI","CAD","rs13174863",0.387489592139316,0.0279904675089162,1.39011522075563e-43,1165600
"BMI -> CAD","BMI","CAD","rs13184896",0.387317427208144,0.0279929186552957,1.54004203143086e-43,1165600
"BMI -> CAD","BMI","CAD","rs13191362",0.385063513045455,0.0279396424971893,3.27187219255956e-43,1165600
"BMI -> CAD","BMI","CAD","rs1320903",0.388837024744189,0.0279908177191575,7.12340403143028e-44,1165600
"BMI -> CAD","BMI","CAD","rs13240600",0.386157529740953,0.0279930946230876,2.74130275519756e-43,1165600
"BMI -> CAD","BMI","CAD","rs13250058",0.386914132217459,0.0279852860511689,1.78549390239228e-43,1165600
"BMI -> CAD","BMI","CAD","rs13263601",0.386475526346099,0.0279952347123801,2.37618037020622e-43,1165600
"BMI -> CAD","BMI","CAD","rs1327259",0.38766643655151,0.0279954213618832,1.31727604990261e-43,1165600
"BMI -> CAD","BMI","CAD","rs13287131",0.386976942213158,0.0279859351662985,1.73839041199559e-43,1165600
"BMI -> CAD","BMI","CAD","rs13288178",0.386350916394519,0.0279885874561205,2.41518965613002e-43,1165600
"BMI -> CAD","BMI","CAD","rs1330052",0.386376495139252,0.0279848930262682,2.32519939607483e-43,1165600
"BMI -> CAD","BMI","CAD","rs13329567",0.386188182346621,0.0280517771486617,4.02712601992288e-43,1165600
"BMI -> CAD","BMI","CAD","rs1365466",0.387796796405074,0.0279749293158719,1.07187472352438e-43,1165600
"BMI -> CAD","BMI","CAD","rs1371108",0.386192266476935,0.0279683790967417,2.27523637622415e-43,1165600
"BMI -> CAD","BMI","CAD","rs1399471",0.386335110018197,0.0279794169550531,2.28606245947167e-43,1165600
"BMI -> CAD","BMI","CAD","rs1409818",0.387301620625796,0.0279903172138906,1.52467097162046e-43,1165600
"BMI -> CAD","BMI","CAD","rs1412235",0.385010948381661,0.0280150797566479,5.61101461150276e-43,1165600
"BMI -> CAD","BMI","CAD","rs1421334",0.386103459380926,0.0279737924475625,2.4675330758324e-43,1165600
"BMI -> CAD","BMI","CAD","rs1431659",0.38766716084389,0.0280090070983284,1.4458155190142e-43,1165600
"BMI -> CAD","BMI","CAD","rs1445652",0.3877345767574,0.0279614255003738,1.0071476557734e-43,1165600
"BMI -> CAD","BMI","CAD","rs1452075",0.387429508108284,0.0279889920446234,1.41779423085984e-43,1165600
"BMI -> CAD","BMI","CAD","rs1465900",0.386428274119101,0.0279757089060337,2.12802559499247e-43,1165600
"BMI -> CAD","BMI","CAD","rs1477199",0.386442049225462,0.0280011010339622,2.51484428307773e-43,1165600
"BMI -> CAD","BMI","CAD","rs1477887",0.387594708093431,0.0279906749579706,1.32121390042362e-43,1165600
"BMI -> CAD","BMI","CAD","rs1492767",0.387476471402058,0.0279720262121693,1.23229243935924e-43,1165600
"BMI -> CAD","BMI","CAD","rs1503526",0.386208391894205,0.0279871702986955,2.56698191361607e-43,1165600
"BMI -> CAD","BMI","CAD","rs1522569",0.387748387758526,0.0279797525366225,1.13519463128729e-43,1165600
"BMI -> CAD","BMI","CAD","rs1528435",0.386362302386478,0.0280004091769913,2.6038400914907e-43,1165600
"BMI -> CAD","BMI","CAD","rs1535660",0.386603793386953,0.0279812747545141,2.0263637322518e-43,1165600
"BMI -> CAD","BMI","CAD","rs156201",0.386670557684518,0.0279849420263923,2.01024191191805e-43,1165600
"BMI -> CAD","BMI","CAD","rs1579557",0.387819667140148,0.0280150309183376,1.39701738876709e-43,1165600
"BMI -> CAD","BMI","CAD","rs1583123",0.386496607229921,0.0279789637716367,2.10348394644037e-43,1165600
"BMI -> CAD","BMI","CAD","rs1624134",0.388964193156823,0.0278414746190584,2.35385156032733e-44,1165600
"BMI -> CAD","BMI","CAD","rs1656377",0.38625650088793,0.0279624699270765,2.11633221540572e-43,1165600
"BMI -> CAD","BMI","CAD","rs16822990",0.386943750287406,0.0279850740425189,1.75686444088804e-43,1165600
"BMI -> CAD","BMI","CAD","rs16849710",0.387173093783718,0.0279885062721489,1.60510523868886e-43,1165600
"BMI -> CAD","BMI","CAD","rs16851483",0.386869993999972,0.0280213225085795,2.33612927630478e-43,1165600
"BMI -> CAD","BMI","CAD","rs16871902",0.38770919576053,0.0279802927340686,1.1618816577913e-43,1165600
"BMI -> CAD","BMI","CAD","rs16889835",0.386744388450964,0.0279836834673179,1.92124941477868e-43,1165600
"BMI -> CAD","BMI","CAD","rs16903285",0.383915002247888,0.0279680714564051,7.00650812856763e-43,1165600
"BMI -> CAD","BMI","CAD","rs16953563",0.38904389466839,0.0278781900533259,2.92748515906086e-44,1165600
"BMI -> CAD","BMI","CAD","rs17001561",0.386587760847764,0.0279827642643556,2.0635198713674e-43,1165600
"BMI -> CAD","BMI","CAD","rs17014375",0.386762294713143,0.0279897518301493,1.98518234633489e-43,1165600
"BMI -> CAD","BMI","CAD","rs17056301",0.386524947117655,0.0279796436029511,2.08379556288103e-43,1165600
"BMI -> CAD","BMI","CAD","rs17066856",0.385882172091197,0.0280301290691416,4.04302663802743e-43,1165600
"BMI -> CAD","BMI","CAD","rs17113297",0.386505156074092,0.0279915904364068,2.28384558613773e-43,1165600
"BMI -> CAD","BMI","CAD","rs17119937",0.387800511688653,0.0279608523120436,9.70725903184876e-44,1165600
"BMI -> CAD","BMI","CAD","rs17203016",0.38706448237375,0.0279906022880264,1.71864414103447e-43,1165600
"BMI -> CAD","BMI","CAD","rs17207196",0.387694893999915,0.028021845537461,1.5575470439356e-43,1165600
"BMI -> CAD","BMI","CAD","rs17238110",0.387142352642039,0.0279930560862348,1.68155159803294e-43,1165600
"BMI -> CAD","BMI","CAD","rs17311369",0.38711633543716,0.0279842891322076,1.60384674995615e-43,1165600
"BMI -> CAD","BMI","CAD","rs17327461",0.386761562106359,0.0279905790964042,1.99720088994894e-43,1165600
"BMI -> CAD","BMI","CAD","rs17405819",0.386120298384804,0.0280190512624409,3.33330585035297e-43,1165600
"BMI -> CAD","BMI","CAD","rs17424296",0.388204299520073,0.0279343978827143,6.60532805572257e-44,1165600
"BMI -> CAD","BMI","CAD","rs17425707",0.38646085718124,0.0279741877080047,2.07215963601622e-43,1165600
"BMI -> CAD","BMI","CAD","rs17446257",0.387162245240386,0.0279841431720949,1.56609983493634e-43,1165600
"BMI -> CAD","BMI","CAD","rs17499593",0.386453140270604,0.0279765799665598,2.11451387617374e-43,1165600
"BMI -> CAD","BMI","CAD","rs17513613",0.390388009895973,0.0278689562881655,1.39295290075667e-44,1165600
"BMI -> CAD","BMI","CAD","rs175165",0.386657068950576,0.0279816365233633,1.97838326188944e-43,1165600
"BMI -> CAD","BMI","CAD","rs17535082",0.386715367576244,0.0279810821231211,1.91464989786071e-43,1165600
"BMI -> CAD","BMI","CAD","rs17535749",0.3860377875569,0.0279378953126272,1.99304802255292e-43,1165600
"BMI -> CAD","BMI","CAD","rs17551974",0.38766196165136,0.0279753550066642,1.14969073527169e-43,1165600
"BMI -> CAD","BMI","CAD","rs1759975",0.38733504897553,0.0279783031962459,1.38056888497443e-43,1165600
"BMI -> CAD","BMI","CAD","rs17636031",0.38844231636053,0.0279547811706632,6.75636700023662e-44,1165600
"BMI -> CAD","BMI","CAD","rs17663412",0.386656185644782,0.027980639422383,1.96575957516086e-43,1165600
"BMI -> CAD","BMI","CAD","rs17710386",0.386527386163255,0.0279847056676269,2.15475589798484e-43,1165600
"BMI -> CAD","BMI","CAD","rs17724992",0.384209781532124,0.027901677090657,3.85507174867405e-43,1165600
"BMI -> CAD","BMI","CAD","rs17767510",0.38782905818482,0.0279536213486316,9.10306901002346e-44,1165600
"BMI -> CAD","BMI","CAD","rs17789218",0.387620167971896,0.027971598582665,1.14383175283555e-43,1165600
"BMI -> CAD","BMI","CAD","rs17806379",0.386491113336502,0.0280199101501373,2.79103156797859e-43,1165600
"BMI -> CAD","BMI","CAD","rs1784460",0.383739567403998,0.0277616710131636,1.86118412740906e-43,1165600
"BMI -> CAD","BMI","CAD","rs1804528",0.386891676883323,0.0279858814147044,1.81290914935846e-43,1165600
"BMI -> CAD","BMI","CAD","rs1814170",0.388430122246594,0.0279487044813859,6.51677802268159e-44,1165600
"BMI -> CAD","BMI","CAD","rs1830074",0.386318813533256,0.0279718884544531,2.18875223352829e-43,1165600
"BMI -> CAD","BMI","CAD","rs1863652",0.385694858095914,0.0279387526227114,2.37727864090846e-43,1165600
"BMI -> CAD","BMI","CAD","rs1884389",0.386198576669472,0.0279623878812992,2.1768581398355e-43,1165600
"BMI -> CAD","BMI","CAD","rs1884897",0.389237842956712,0.0279673708109667,4.95464076445481e-44,1165600
"BMI -> CAD","BMI","CAD","rs1885728",0.386284346583757,0.0279675773407181,2.16167863454141e-43,1165600
"BMI -> CAD","BMI","CAD","rs1891216",0.387096408419332,0.0279850634837103,1.62844873737213e-43,1165600
"BMI -> CAD","BMI","CAD","rs1896767",0.386429500125086,0.0279783319808881,2.1653159866159e-43,1165600
"BMI -> CAD","BMI","CAD","rs1927790",0.388053196719288,0.027978419811457,9.66365993952613e-44,1165600
"BMI -> CAD","BMI","CAD","rs1928295",0.385981636463738,0.0279805283098867,2.7447613153562e-43,1165600
"BMI -> CAD","BMI","CAD","rs1937684",0.38652756484669,0.0279805029130509,2.0933866235565e-43,1165600
"BMI -> CAD","BMI","CAD","rs1948080",0.385914223425135,0.0279714728170216,2.66761598550854e-43,1165600
"BMI -> CAD","BMI","CAD","rs1951455",0.38938405019315,0.0278692375108282,2.31621459329241e-44,1165600
"BMI -> CAD","BMI","CAD","rs1982441",0.387575157695416,0.0279812985193772,1.25067407351924e-43,1165600
"BMI -> CAD","BMI","CAD","rs1982725",0.386586119193819,0.0279780199471367,1.99909161950621e-43,1165600
"BMI -> CAD","BMI","CAD","rs1993709",0.385286837941434,0.0280425239766994,5.89802883768916e-43,1165600
"BMI -> CAD","BMI","CAD","rs1999494",0.38685493124328,0.0279848987939252,1.83387908919125e-43,1165600
"BMI -> CAD","BMI","CAD","rs2007231",0.38820455809622,0.0279273567947093,6.28898813739643e-44,1165600
"BMI -> CAD","BMI","CAD","rs200810",0.386334954823896,0.0279845411283014,2.36788333225741e-43,1165600
"BMI -> CAD","BMI","CAD","rs2010281",0.385764035346696,0.0279703065465878,2.85098034821687e-43,1165600
"BMI -> CAD","BMI","CAD","rs2047648",0.385754710794803,0.0279340304341925,2.23407972633048e-43,1165600
"BMI -> CAD","BMI","CAD","rs2051559",0.38543214072158,0.027931654920974,2.57997643175959e-43,1165600
"BMI -> CAD","BMI","CAD","rs2065418",0.386475506547176,0.028002941236136,2.5048216533939e-43,1165600
"BMI -> CAD","BMI","CAD","rs208015",0.387271454418214,0.0280172984510473,1.86262351414794e-43,1165600
"BMI -> CAD","BMI","CAD","rs2124499",0.38808938283321,0.0279585514474244,8.27185480447156e-44,1165600
"BMI -> CAD","BMI","CAD","rs2143253",0.385608382295739,0.0279496804810722,2.67447949019551e-43,1165600
"BMI -> CAD","BMI","CAD","rs215634",0.384381029956075,0.027889387503142,3.25544918822969e-43,1165600
"BMI -> CAD","BMI","CAD","rs2162524",0.38733564066862,0.0279974634576146,1.5745951306396e-43,1165600
"BMI -> CAD","BMI","CAD","rs2169642",0.386416719255848,0.0279814532201288,2.22619814030955e-43,1165600
"BMI -> CAD","BMI","CAD","rs217671",0.385686184185064,0.027957169208577,2.70854590525569e-43,1165600
"BMI -> CAD","BMI","CAD","rs2192158",0.386076098035658,0.0279766242388212,2.55019036600372e-43,1165600
"BMI -> CAD","BMI","CAD","rs2196618",0.387371975511978,0.0279913430535817,1.48270972040722e-43,1165600
"BMI -> CAD","BMI","CAD","rs2228213",0.386739424112612,0.0279938447249612,2.0649694759619e-43,1165600
"BMI -> CAD","BMI","CAD","rs2228552",0.386209468407775,0.0279770407794798,2.39379411415813e-43,1165600
"BMI -> CAD","BMI","CAD","rs2235564",0.387447241748669,0.0279877757018231,1.39363482492762e-43,1165600
"BMI -> CAD","BMI","CAD","rs2237403",0.387272200418169,0.0279872582954952,1.51492323924769e-43,1165600
"BMI -> CAD","BMI","CAD","rs2242189",0.388870950219598,0.0279155981001282,4.14965237053008e-44,1165600
"BMI -> CAD","BMI","CAD","rs2246012",0.386118274732161,0.027970967599393,2.40254601906928e-43,1165600
"BMI -> CAD","BMI","CAD","rs2257791",0.387779544794317,0.0279746275436025,1.07887433784872e-43,1165600
"BMI -> CAD","BMI","CAD","rs2271189",0.387894326847255,0.0279824254242415,1.07528685862266e-43,1165600
"BMI -> CAD","BMI","CAD","rs2281819",0.385491986468987,0.0279523132824082,2.88495730891914e-43,1165600
"BMI -> CAD","BMI","CAD","rs2283093",0.386813199847924,0.0279854871376566,1.87984718789048e-43,1165600
"BMI -> CAD","BMI","CAD","rs2285178",0.387246816555917,0.0279834261753093,1.49425023205882e-43,1165600
"BMI -> CAD","BMI","CAD","rs2307111",0.386972305083914,0.028063166738862,2.95485948825552e-43,1165600
"BMI -> CAD","BMI","CAD","rs2357760",0.38674948635003,0.0279964676345846,2.09195215110703e-43,1165600
"BMI -> CAD","BMI","CAD","rs2365389",0.386526864912463,0.0280090708857631,2.54639827278324e-43,1165600
"BMI -> CAD","BMI","CAD","rs2367112",0.385295453007862,0.0279176882456084,2.50912698985526e-43,1165600
"BMI -> CAD","BMI","CAD","rs2423668",0.387420945377781,0.0279798339853713,1.33684561066018e-43,1165600
"BMI -> CAD","BMI","CAD","rs2425840",0.386442824693306,0.0279823072006861,2.21044790251126e-43,1165600
"BMI -> CAD","BMI","CAD","rs2429150",0.38606593702907,0.0279623087254056,2.32375207331237e-43,1165600
"BMI -> CAD","BMI","CAD","rs2479958",0.386938610688912,0.0280024555321421,1.98441812028908e-43,1165600
"BMI -> CAD","BMI","CAD","rs2481665",0.385939391103401,0.0279897837230403,2.98576507354371e-43,1165600
"BMI -> CAD","BMI","CAD","rs2543132",0.386732495563873,0.0279871684146848,1.97937951875588e-43,1165600
"BMI -> CAD","BMI","CAD","rs2600226",0.386175898018979,0.0279690947746899,2.30506893470963e-43,1165600
"BMI -> CAD","BMI","CAD","rs2605603",0.38682954054364,0.0279842146137503,1.84844466981287e-43,1165600
"BMI -> CAD","BMI","CAD","rs2608703",0.387836618486084,0.0279862659169636,1.13634381470389e-43,1165600
"BMI -> CAD","BMI","CAD","rs2612576",0.387328490580989,0.0279801819627321,1.40311171986943e-43,1165600
"BMI -> CAD","BMI","CAD","rs262130",0.3877354452012,0.0279624005052457,1.01351908084741e-43,1165600
"BMI -> CAD","BMI","CAD","rs2693826",0.386007136391311,0.0279785428110174,2.67374473748017e-43,1165600
"BMI -> CAD","BMI","CAD","rs2694047",0.387073452792887,0.0280055325425694,1.89559213927761e-43,1165600
"BMI -> CAD","BMI","CAD","rs273504",0.387632237008667,0.0279953117891722,1.33885476064832e-43,1165600
"BMI -> CAD","BMI","CAD","rs2744974",0.383220021848853,0.0279390250004007,8.11007138238954e-43,1165600
"BMI -> CAD","BMI","CAD","rs2791653",0.387640931080942,0.0279793039075101,1.19386993786647e-43,1165600
"BMI -> CAD","BMI","CAD","rs2820311",0.384062301072357,0.0279751633120341,6.83597954183905e-43,1165600
"BMI -> CAD","BMI","CAD","rs2832283",0.387026408375318,0.0279828606520354,1.66074792434378e-43,1165600
"BMI -> CAD","BMI","CAD","rs28350",0.387130542360441,0.0279964992177848,1.73190792257645e-43,1165600
"BMI -> CAD","BMI","CAD","rs2836964",0.387567415532311,0.0279746774451341,1.19948026366096e-43,1165600
"BMI -> CAD","BMI","CAD","rs2861683",0.387155618955406,0.0279983737528811,1.73263384830653e-43,1165600
"BMI -> CAD","BMI","CAD","rs287104",0.387112323974709,0.0279871796713791,1.63928955413691e-43,1165600
"BMI -> CAD","BMI","CAD","rs2875762",0.386345785717686,0.0279801300278557,2.28512176238861e-43,1165600
"BMI -> CAD","BMI","CAD","rs2885415",0.386568192452019,0.0279931671232666,2.2375896878881e-43,1165600
"BMI -> CAD","BMI","CAD","rs2903971",0.387629737758614,0.0279762855914698,1.17580785074439e-43,1165600
"BMI -> CAD","BMI","CAD","rs2907948",0.386296564877844,0.0279787203368364,2.31910182524162e-43,1165600
"BMI -> CAD","BMI","CAD","rs2931434",0.387083520673323,0.0279827235352665,1.61276334116234e-43,1165600
"BMI -> CAD","BMI","CAD","rs294704",0.387019600155312,0.0279841026597692,1.68065561651609e-43,1165600
"BMI -> CAD","BMI","CAD","rs3007105",0.386315280883541,0.0279902765966689,2.48680781882483e-43,1165600
"BMI -> CAD","BMI","CAD","rs326889",0.386752639724255,0.0279928409532434,2.03741040700187e-43,1165600
"BMI -> CAD","BMI","CAD","rs329651",0.387018502994324,0.0279907269386892,1.75984050983072e-43,1165600
"BMI -> CAD","BMI","CAD","rs331966",0.386575675207093,0.027982674647415,2.0746581729524e-43,1165600
"BMI -> CAD","BMI","CAD","rs339991",0.387817642102227,0.0279754609778334,1.06470448524165e-43,1165600
"BMI -> CAD","BMI","CAD","rs349088",0.386208430909913,0.0279807386981861,2.4564276412788e-43,1165600
"BMI -> CAD","BMI","CAD","rs355777",0.384892290681155,0.0279338897672798,3.42449403224066e-43,1165600
"BMI -> CAD","BMI","CAD","rs3731695",0.391450829605762,0.0274331522401124,3.401605562295e-46,1165600
"BMI -> CAD","BMI","CAD","rs3732084",0.387276078513049,0.0279835500710792,1.4739279376666e-43,1165600
"BMI -> CAD","BMI","CAD","rs3736485",0.388587827392363,0.02794182079083,5.74119596129345e-44,1165600
"BMI -> CAD","BMI","CAD","rs3749897",0.386840855086289,0.027990976599274,1.92537972710202e-43,1165600
"BMI -> CAD","BMI","CAD","rs3754963",0.385681642797149,0.027933908845856,2.31474921414185e-43,1165600
"BMI -> CAD","BMI","CAD","rs3764835",0.386730794215864,0.0279834929456408,1.93173223638334e-43,1165600
"BMI -> CAD","BMI","CAD","rs3800229",0.386268779659466,0.0279993833804706,2.70824375423905e-43,1165600
"BMI -> CAD","BMI","CAD","rs3800637",0.387315036194214,0.0279845375634505,1.45551285780928e-43,1165600
"BMI -> CAD","BMI","CAD","rs3803286",0.386784573116947,0.0280146072614365,2.32770595448257e-43,1165600
"BMI -> CAD","BMI","CAD","rs3806572",0.3875318023425,0.0279876038698185,1.33467230505174e-43,1165600
"BMI -> CAD","BMI","CAD","rs3807645",0.387499032492304,0.0279926931574348,1.40496120195004e-43,1165600
"BMI -> CAD","BMI","CAD","rs380857",0.386493171601082,0.0279755087401364,2.05774325844687e-43,1165600
"BMI -> CAD","BMI","CAD","rs3814883",0.38856251536609,0.0280250010072757,1.03437993755932e-43,1165600
"BMI -> CAD","BMI","CAD","rs3829849",0.387599504590646,0.0279658621136525,1.1107991127774e-43,1165600
"BMI -> CAD","BMI","CAD","rs38314",0.386486745032727,0.0279844730622204,2.19513960289845e-43,1165600
"BMI -> CAD","BMI","CAD","rs3844598",0.3859351699561,0.0279359686480549,2.06978611972368e-43,1165600
"BMI -> CAD","BMI","CAD","rs3902951",0.386345908111384,0.0279792618841462,2.27143561770999e-43,1165600
"BMI -> CAD","BMI","CAD","rs3904244",0.387222268457901,0.0279877553074424,1.55829934322044e-43,1165600
"BMI -> CAD","BMI","CAD","rs391300",0.384665992081761,0.027841702761133,2.03588981602167e-43,1165600
"BMI -> CAD","BMI","CAD","rs3977755",0.3893247003387,0.0278554339698118,2.16542441571066e-44,1165600
"BMI -> CAD","BMI","CAD","rs40067",0.385456438562199,0.0280086661354189,4.31174171383149e-43,1165600
"BMI -> CAD","BMI","CAD","rs4012234",0.385792024622903,0.0279705516153343,2.81641518157206e-43,1165600
"BMI -> CAD","BMI","CAD","rs4072917",0.3865048033362,0.027982108121173,2.14058883496311e-43,1165600
"BMI -> CAD","BMI","CAD","rs4148155",0.387967103151033,0.0279618689712675,8.99647333875295e-44,1165600
"BMI -> CAD","BMI","CAD","rs4148866",0.387609147671738,0.0279671838129332,1.11560964965418e-43,1165600
"BMI -> CAD","BMI","CAD","rs4151664",0.386904985889229,0.0279817641251628,1.75076563706965e-43,1165600
"BMI -> CAD","BMI","CAD","rs4237643",0.384570930818494,0.0279795210799636,5.47778889580096e-43,1165600
"BMI -> CAD","BMI","CAD","rs427943",0.386313555264491,0.0280047706947806,2.74815620960038e-43,1165600
"BMI -> CAD","BMI","CAD","rs429343",0.386079516248834,0.0279875887215187,2.74410338895667e-43,1165600
"BMI -> CAD","BMI","CAD","rs4307239",0.387341691016106,0.0279858124649241,1.44900842563987e-43,1165600
"BMI -> CAD","BMI","CAD","rs4358081",0.38874601317163,0.0278566986710463,2.92448908063318e-44,1165600
"BMI -> CAD","BMI","CAD","rs4414033",0.388333337232292,0.027945501896329,6.68930167982192e-44,1165600
"BMI -> CAD","BMI","CAD","rs4430672",0.387941765624066,0.0279505859275127,8.42624849340544e-44,1165600
"BMI -> CAD","BMI","CAD","rs4482463",0.387644587429218,0.0280102345706246,1.47450564701677e-43,1165600
"BMI -> CAD","BMI","CAD","rs4500930",0.385636485007213,0.0279707559946925,3.04634996123096e-43,1165600
"BMI -> CAD","BMI","CAD","rs4516268",0.387107450256294,0.0280074818279955,1.88896916615143e-43,1165600
"BMI -> CAD","BMI","CAD","rs4518345",0.387090304290166,0.0279861145638095,1.64523500031803e-43,1165600
"BMI -> CAD","BMI","CAD","rs4556997",0.387643605850673,0.0279862091769879,1.25040684020221e-43,1165600
"BMI -> CAD","BMI","CAD","rs4589691",0.388179958426614,0.027935011178045,6.71476476239057e-44,1165600
"BMI -> CAD","BMI","CAD","rs4639527",0.387850864216017,0.0279946343211399,1.19533358582138e-43,1165600
"BMI -> CAD","BMI","CAD","rs4653017",0.386636620742323,0.0279856776518203,2.05472156106259e-43,1165600
"BMI -> CAD","BMI","CAD","rs4660443",0.386974490962702,0.0279939520969965,1.83897499307925e-43,1165600
"BMI -> CAD","BMI","CAD","rs4671328",0.386717436811296,0.0280300474804943,2.67412298351093e-43,1165600
"BMI -> CAD","BMI","CAD","rs4713436",0.387115335449922,0.0279842981396359,1.60474321060928e-43,1165600
"BMI -> CAD","BMI","CAD","rs4722398",0.386470643949987,0.027979057248112,2.13212778236241e-43,1165600
"BMI -> CAD","BMI","CAD","rs4740619",0.386053325793721,0.0280066361284549,3.1659735569446e-43,1165600
"BMI -> CAD","BMI","CAD","rs4757144",0.385204866636537,0.0279635389176235,3.59115076425374e-43,1165600
"BMI -> CAD","BMI","CAD","rs4783830",0.386861138086105,0.0279835276407596,1.81110860091416e-43,1165600
"BMI -> CAD","BMI","CAD","rs4786903",0.387467735627627,0.0279807553291748,1.31440454865579e-43,1165600
"BMI -> CAD","BMI","CAD","rs4800191",0.387432658342292,0.0279769048682674,1.30252861210955e-43,1165600
"BMI -> CAD","BMI","CAD","rs4801117",0.388170122753551,0.0279352335279286,6.75829836564607e-44,1165600
"BMI -> CAD","BMI","CAD","rs4818225",0.385879353305216,0.027947138725917,2.29751731999145e-43,1165600
"BMI -> CAD","BMI","CAD","rs4820408",0.390185376392565,0.0278289232184,1.16201502076436e-44,1165600
"BMI -> CAD","BMI","CAD","rs4851029",0.386625027099477,0.0279875353925812,2.09306015924345e-43,1165600
"BMI -> CAD","BMI","CAD","rs4858193",0.384920306646384,0.0278699177497533,2.17808582282331e-43,1165600
"BMI -> CAD","BMI","CAD","rs4864201",0.385635313308481,0.0279613271151897,2.85788471579089e-43,1165600
"BMI -> CAD","BMI","CAD","rs4880341",0.386783263998238,0.0279874270404398,1.93355412937312e-43,1165600
"BMI -> CAD","BMI","CAD","rs4906908",0.387480386382506,0.0279760486702246,1.26447635815447e-43,1165600
"BMI -> CAD","BMI","CAD","rs491711",0.387788172792847,0.027965904201015,1.01142789163318e-43,1165600
"BMI -> CAD","BMI","CAD","rs4929923",0.386702994657745,0.0280125225942752,2.38939056721469e-43,1165600
"BMI -> CAD","BMI","CAD","rs4936175",0.386771206434512,0.0279897468625192,1.97635513342387e-43,1165600
"BMI -> CAD","BMI","CAD","rs4937870",0.387338386807905,0.0279826903191955,1.42054023549215e-43,1165600
"BMI -> CAD","BMI","CAD","rs4952843",0.386832621879301,0.0279914657645237,1.93975987273153e-43,1165600
"BMI -> CAD","BMI","CAD","rs4954638",0.386884480606796,0.0279854727320919,1.81430177278556e-43,1165600
"BMI -> CAD","BMI","CAD","rs4968656",0.386693611875911,0.027983613307774,1.96934286419533e-43,1165600
"BMI -> CAD","BMI","CAD","rs4981693",0.385985963902157,0.0280014111421203,3.1586795571735e-43,1165600
"BMI -> CAD","BMI","CAD","rs4986044",0.386994474254733,0.028007152419789,1.99333275348305e-43,1165600
"BMI -> CAD","BMI","CAD","rs538579",0.386881928746958,0.0279935567781922,1.92021269059207e-43,1165600
"BMI -> CAD","BMI","CAD","rs543874",0.390244725497277,0.0281419436259394,1.00368880896152e-43,1165600
"BMI -> CAD","BMI","CAD","rs559231",0.386658584871003,0.0279934044123163,2.14297819404614e-43,1165600
"BMI -> CAD","BMI","CAD","rs577525",0.385604394874942,0.0279825331000637,3.35426171194894e-43,1165600
"BMI -> CAD","BMI","CAD","rs592483",0.387994289486452,0.0279808031352596,1.01166915923142e-43,1165600
"BMI -> CAD","BMI","CAD","rs6050446",0.386080866757904,0.0279640342993081,2.33403250992363e-43,1165600
"BMI -> CAD","BMI","CAD","rs621042",0.387756951974709,0.0279649634636855,1.02063187996651e-43,1165600
"BMI -> CAD","BMI","CAD","rs6235",0.386678045000442,0.0280035542919455,2.27515373815112e-43,1165600
"BMI -> CAD","BMI","CAD","rs6265",0.386011943794091,0.0281113668072552,6.57349211710304e-43,1165600
"BMI -> CAD","BMI","CAD","rs629443",0.386278583528231,0.0279670346602331,2.15982040192445e-43,1165600
"BMI -> CAD","BMI","CAD","rs6443750",0.38518004764342,0.0278879202461968,2.1660803242004e-43,1165600
"BMI -> CAD","BMI","CAD","rs6448587",0.387284639915622,0.0279934422704822,1.57097684222519e-43,1165600
"BMI -> CAD","BMI","CAD","rs645040",0.382576462322877,0.0276519616182303,1.5582682960946e-43,1165600
"BMI -> CAD","BMI","CAD","rs6461115",0.385106609448279,0.0279063334162592,2.54952942798357e-43,1165600
"BMI -> CAD","BMI","CAD","rs6471941",0.386637429646995,0.0279881039047103,2.08834159167608e-43,1165600
"BMI -> CAD","BMI","CAD","rs6500208",0.386748591246031,0.0279876835506126,1.97058020071495e-43,1165600
"BMI -> CAD","BMI","CAD","rs6512302",0.388212417119186,0.0279424605074584,6.95751874876317e-44,1165600
"BMI -> CAD","BMI","CAD","rs6545714",0.386583141897529,0.0280171622368968,2.61718581711169e-43,1165600
"BMI -> CAD","BMI","CAD","rs6551278",0.387303897238751,0.0279909938263988,1.5300484682401e-43,1165600
"BMI -> CAD","BMI","CAD","rs6556301",0.387807828809297,0.0279642468364699,9.9015927758803e-44,1165600
"BMI -> CAD","BMI","CAD","rs657452",0.387201306734786,0.02801716585525,1.92680181301793e-43,1165600
"BMI -> CAD","BMI","CAD","rs6587552",0.386580538359275,0.0279994844689372,2.32222219808605e-43,1165600
"BMI -> CAD","BMI","CAD","rs6591407",0.386536614632527,0.0279724152332647,1.9715500975396e-43,1165600
"BMI -> CAD","BMI","CAD","rs6593688",0.386530856116333,0.0279900390602329,2.23109603753328e-43,1165600
"BMI -> CAD","BMI","CAD","rs663129",0.383490619389231,0.0282650418788492,6.22744354347506e-42,1165600
"BMI -> CAD","BMI","CAD","rs6673081",0.38838674866138,0.0279025318314255,4.82881347707339e-44,1165600
"BMI -> CAD","BMI","CAD","rs6692586",0.388857538588836,0.0279404904787767,4.97003291769596e-44,1165600
"BMI -> CAD","BMI","CAD","rs6712",0.386575793426087,0.0279769198292997,1.99425915278746e-43,1165600
"BMI -> CAD","BMI","CAD","rs6734537",0.386196905641902,0.0279639899658194,2.20272895428198e-43,1165600
"BMI -> CAD","BMI","CAD","rs6764533",0.386955741401704,0.0279881320218284,1.78348973269433e-43,1165600
"BMI -> CAD","BMI","CAD","rs6772756",0.385596802775467,0.0279069065117522,2.00577572050978e-43,1165600
"BMI -> CAD","BMI","CAD","rs6781254",0.387438235184221,0.0279784389098455,1.31272080929314e-43,1165600
"BMI -> CAD","BMI","CAD","rs6792696",0.386530608362232,0.027976413756893,2.03243146115958e-43,1165600
"BMI -> CAD","BMI","CAD","rs6804842",0.386822318502559,0.0280041329477525,2.12652442119064e-43,1165600
"BMI -> CAD","BMI","CAD","rs6812882",0.386468481138565,0.0279773558401074,2.10966750493922e-43,1165600
"BMI -> CAD","BMI","CAD","rs6841761",0.387685706894951,0.0279837019699554,1.20350796527931e-43,1165600
"BMI -> CAD","BMI","CAD","rs6985109",0.385832239822662,0.0279929884854673,3.21805035409361e-43,1165600
"BMI -> CAD","BMI","CAD","rs7024334",0.386535314283588,0.0279837963070252,2.13296324569515e-43,1165600
"BMI -> CAD","BMI","CAD","rs7025938",0.386977000829903,0.0280046335805279,1.97627181344361e-43,1165600
"BMI -> CAD","BMI","CAD","rs7084454",0.385377818291921,0.027985506526191,3.8290475450461e-43,1165600
"BMI -> CAD","BMI","CAD","rs7102454",0.389860180812481,0.0278644850078513,1.76178846575681e-44,1165600
"BMI -> CAD","BMI","CAD","rs7117238",0.385925062617632,0.027944562417479,2.20660462196178e-43,1165600
"BMI -> CAD","BMI","CAD","rs7124681",0.390505630310448,0.0279969575492486,3.22893608912449e-44,1165600
"BMI -> CAD","BMI","CAD","rs7138803",0.387651816679476,0.0280875148845187,2.49360282942536e-43,1165600
"BMI -> CAD","BMI","CAD","rs7144011",0.387192079760061,0.0280419739541332,2.29377730625874e-43,1165600
"BMI -> CAD","BMI","CAD","rs7172627",0.386687282567871,0.027987678401617,2.0313844147221e-43,1165600
"BMI -> CAD","BMI","CAD","rs7173441",0.387688438863614,0.0279776928051734,1.15308317605653e-43,1165600
"BMI -> CAD","BMI","CAD","rs7181498",0.386652268381589,0.028003529278894,2.30401240094502e-43,1165600
"BMI -> CAD","BMI","CAD","rs7196720",0.387328503852224,0.0279913764863461,1.5154365734242e-43,1165600
"BMI -> CAD","BMI","CAD","rs7206608",0.385859217448697,0.0279614248984998,2.55922729436601e-43,1165600
"BMI -> CAD","BMI","CAD","rs7222349",0.387916204281221,0.0279606130301563,9.14792925140576e-44,1165600
"BMI -> CAD","BMI","CAD","rs7249149",0.387449463612465,0.0279813812697782,1.33213684399811e-43,1165600
"BMI -> CAD","BMI","CAD","rs7313220",0.38774614674103,0.0279778791449927,1.12186634496378e-43,1165600
"BMI -> CAD","BMI","CAD","rs7313924",0.385556606811163,0.0278935397563414,1.86650823611595e-43,1165600
"BMI -> CAD","BMI","CAD","rs7318817",0.38753455672012,0.0279975329588777,1.42710858298719e-43,1165600
"BMI -> CAD","BMI","CAD","rs7334078",0.387071605894946,0.0279873135143231,1.67432332335851e-43,1165600
"BMI -> CAD","BMI","CAD","rs7488867",0.387234773331072,0.0280161958326482,1.88253363935584e-43,1165600
"BMI -> CAD","BMI","CAD","rs7498665",0.390002098977405,0.0280176278396154,4.79689281063023e-44,1165600
"BMI -> CAD","BMI","CAD","rs7503597",0.386582452290211,0.0279847986389602,2.09801866210075e-43,1165600
"BMI -> CAD","BMI","CAD","rs7512146",0.387088680090733,0.0279831202035264,1.61302594819282e-43,1165600
"BMI -> CAD","BMI","CAD","rs7535528",0.385530478785643,0.0279574955581939,2.932516864941e-43,1165600
"BMI -> CAD","BMI","CAD","rs754635",0.386800184644665,0.0279943057682442,2.00999532146219e-43,1165600
"BMI -> CAD","BMI","CAD","rs7550711",0.390261312916855,0.0279396047622044,2.44281560367264e-44,1165600
"BMI -> CAD","BMI","CAD","rs7551507",0.387329406935875,0.0280156923470532,1.79002675982175e-43,1165600
"BMI -> CAD","BMI","CAD","rs7557796",0.386222852641226,0.0279943806471308,2.67744428618678e-43,1165600
"BMI -> CAD","BMI","CAD","rs756717",0.386966356107541,0.0279991619320404,1.91359123463208e-43,1165600
"BMI -> CAD","BMI","CAD","rs7599312",0.38538753331807,0.0279680879296096,3.38397032691902e-43,1165600
"BMI -> CAD","BMI","CAD","rs7615297",0.38610299999943,0.02796185868209,2.27436854803692e-43,1165600
"BMI -> CAD","BMI","CAD","rs7626079",0.387519136977177,0.0279772623948184,1.25074593898781e-43,1165600
"BMI -> CAD","BMI","CAD","rs7637852",0.38635058090062,0.0279847442941195,2.35287632529963e-43,1165600
"BMI -> CAD","BMI","CAD","rs7640424",0.386325070431456,0.0279818150433848,2.33551848505442e-43,1165600
"BMI -> CAD","BMI","CAD","rs765875",0.389517931396181,0.0278297293925361,1.63810666287851e-44,1165600
"BMI -> CAD","BMI","CAD","rs7683836",0.387008440250625,0.0279890091676418,1.74791908272075e-43,1165600
"BMI -> CAD","BMI","CAD","rs7685048",0.387169266056531,0.0279841662381384,1.56089276323008e-43,1165600
"BMI -> CAD","BMI","CAD","rs768840",0.385860441600486,0.0279496216214347,2.3590107784114e-43,1165600
"BMI -> CAD","BMI","CAD","rs769449",0.397630425701495,0.0263673471122172,2.17908975820893e-51,1165600
"BMI -> CAD","BMI","CAD","rs7694732",0.387846368031405,0.0279541240967618,9.0562570535923e-44,1165600
"BMI -> CAD","BMI","CAD","rs7703576",0.385906553623314,0.0279332740964285,2.06094671747957e-43,1165600
"BMI -> CAD","BMI","CAD","rs7704281",0.387136196519652,0.0279881611797835,1.63092607082566e-43,1165600
"BMI -> CAD","BMI","CAD","rs7715256",0.386799814401226,0.028007708228629,2.20367099869657e-43,1165600
"BMI -> CAD","BMI","CAD","rs7724675",0.387177537820249,0.0279836372561621,1.54884569023128e-43,1165600
"BMI -> CAD","BMI","CAD","rs7730004",0.388075401656489,0.0279723321814808,9.16340335623354e-44,1165600
"BMI -> CAD","BMI","CAD","rs7730898",0.386361754590543,0.0279944835583216,2.50113208591373e-43,1165600
"BMI -> CAD","BMI","CAD","rs774246",0.3873491257112,0.0279821109692434,1.40735183524932e-43,1165600
"BMI -> CAD","BMI","CAD","rs775724",0.387110450331776,0.0279858504573605,1.62589716232685e-43,1165600
"BMI -> CAD","BMI","CAD","rs7761673",0.386536924272824,0.0279791745234137,2.06479388595606e-43,1165600
"BMI -> CAD","BMI","CAD","rs7780752",0.387542183951551,0.0279894240501202,1.34454526241809e-43,1165600
"BMI -> CAD","BMI","CAD","rs7788008",0.388027254225601,0.027988558725857,1.04994368042535e-43,1165600
"BMI -> CAD","BMI","CAD","rs7819514",0.386926309959612,0.0279854256846971,1.77643111859914e-43,1165600
"BMI -> CAD","BMI","CAD","rs7826312",0.387388734964264,0.0279789232850568,1.34994342755725e-43,1165600
"BMI -> CAD","BMI","CAD","rs7844647",0.388185191665813,0.02794550497458,7.20345604115682e-44,1165600
"BMI -> CAD","BMI","CAD","rs7869771",0.387669740291338,0.0279822054783742,1.20065697381836e-43,1165600
"BMI -> CAD","BMI","CAD","rs7871866",0.386495800233173,0.0279919599179535,2.30027627623947e-43,1165600
"BMI -> CAD","BMI","CAD","rs7899106",0.387355212697515,0.0279950201489861,1.53339347038369e-43,1165600
"BMI -> CAD","BMI","CAD","rs7903146",0.392295960252495,0.0276259539727351,9.12622490028298e-46,1165600
"BMI -> CAD","BMI","CAD","rs7925214",0.386537812150469,0.0279971380036169,2.33414298866115e-43,1165600
"BMI -> CAD","BMI","CAD","rs7933205",0.387851132998913,0.0279546384520635,9.06697708828922e-44,1165600
"BMI -> CAD","BMI","CAD","rs7941030",0.38545169198093,0.0279161275628666,2.29691832442975e-43,1165600
"BMI -> CAD","BMI","CAD","rs7983065",0.385031329745516,0.0279369183743277,3.26318623778523e-43,1165600
"BMI -> CAD","BMI","CAD","rs8027205",0.386726374090885,0.0279843977941499,1.94803007665584e-43,1165600
"BMI -> CAD","BMI","CAD","rs8036040",0.386092372591207,0.0279633903077833,2.3105239509918e-43,1165600
"BMI -> CAD","BMI","CAD","rs8047395",0.392945588973195,0.028524374394624,3.56497281676676e-43,1165600
"BMI -> CAD","BMI","CAD","rs8065336",0.38693765025589,0.0279877161821451,1.79445297497133e-43,1165600
"BMI -> CAD","BMI","CAD","rs806600",0.387847434900789,0.0279507377520427,8.84170929639326e-44,1165600
"BMI -> CAD","BMI","CAD","rs8071182",0.387910930704305,0.0279572809920725,8.9629438645643e-44,1165600
"BMI -> CAD","BMI","CAD","rs8097672",0.386935241587176,0.0279987226277143,1.93751657202471e-43,1165600
"BMI -> CAD","BMI","CAD","rs8123881",0.387909376599278,0.0279769413206437,1.02759983686553e-43,1165600
"BMI -> CAD","BMI","CAD","rs818524",0.387295772953683,0.0279805670481047,1.42991153460116e-43,1165600
"BMI -> CAD","BMI","CAD","rs8192675",0.387791242453902,0.0279829725557547,1.13619465298651e-43,1165600
"BMI -> CAD","BMI","CAD","rs825688",0.38759800574855,0.0279672734546456,1.12251275795985e-43,1165600
"BMI -> CAD","BMI","CAD","rs845084",0.387094230949422,0.0279912870705022,1.70142337867302e-43,1165600
"BMI -> CAD","BMI","CAD","rs852056",0.38723357592494,0.0279853910550514,1.52458118938998e-43,1165600
"BMI -> CAD","BMI","CAD","rs865809",0.387420885095201,0.0279816620131555,1.35382277096399e-43,1165600
"BMI -> CAD","BMI","CAD","rs872281",0.38695995728128,0.0279881135249278,1.7795341363135e-43,1165600
"BMI -> CAD","BMI","CAD","rs876605",0.387645414175302,0.0279639793968526,1.07165640748278e-43,1165600
"BMI -> CAD","BMI","CAD","rs879620",0.389742796106316,0.0279839694401764,4.32036064262303e-44,1165600
"BMI -> CAD","BMI","CAD","rs889398",0.385429698980027,0.0279924490613812,3.91273229407418e-43,1165600
"BMI -> CAD","BMI","CAD","rs895330",0.38684476873174,0.0280018945175822,2.07098386514748e-43,1165600
"BMI -> CAD","BMI","CAD","rs901630",0.387187861349511,0.0279981668354171,1.70269985345486e-43,1165600
"BMI -> CAD","BMI","CAD","rs902695",0.386706835064763,0.0279819307729867,1.93400639519176e-43,1165600
"BMI -> CAD","BMI","CAD","rs9288754",0.386392144296357,0.0279675868079216,2.04916055061991e-43,1165600
"BMI -> CAD","BMI","CAD","rs9294260",0.388776167369707,0.0279459226573077,5.37621337261976e-44,1165600
"BMI -> CAD","BMI","CAD","rs9300422",0.387255126238022,0.0279811534512746,1.4650037458852e-43,1165600
"BMI -> CAD","BMI","CAD","rs930295",0.386285253103052,0.0279969322640258,2.64161426549158e-43,1165600
"BMI -> CAD","BMI","CAD","rs9304665",0.385134390537121,0.0279918254041994,4.50846604999772e-43,1165600
"BMI -> CAD","BMI","CAD","rs934224",0.38731611141765,0.0279773663255011,1.3846726329284e-43,1165600
"BMI -> CAD","BMI","CAD","rs9362662",0.385660364641323,0.0279380982056072,2.407530311174e-43,1165600
"BMI -> CAD","BMI","CAD","rs9367368",0.387300015017947,0.0279851686259658,1.47280252061114e-43,1165600
"BMI -> CAD","BMI","CAD","rs9375702",0.389205303813152,0.0278277234573367,1.89142943961651e-44,1165600
"BMI -> CAD","BMI","CAD","rs9382285",0.386625426056273,0.0279828400773438,2.02635834382619e-43,1165600
"BMI -> CAD","BMI","CAD","rs9408882",0.387662178090503,0.0279640417708611,1.06319993194572e-43,1165600
"BMI -> CAD","BMI","CAD","rs9458814",0.386169722278847,0.0279599302407582,2.17136447937328e-43,1165600
"BMI -> CAD","BMI","CAD","rs946824",0.387798514817433,0.0279856907960491,1.15351519406378e-43,1165600
"BMI -> CAD","BMI","CAD","rs947612",0.387028080661022,0.027985604915622,1.69095187301419e-43,1165600
"BMI -> CAD","BMI","CAD","rs9478496",0.386730885924622,0.0279850475627835,1.95235472838025e-43,1165600
"BMI -> CAD","BMI","CAD","rs9522285",0.385465452797658,0.02793943748983,2.67662010955201e-43,1165600
"BMI -> CAD","BMI","CAD","rs9527895",0.386591457157791,0.0279879439033153,2.13417743431436e-43,1165600
"BMI -> CAD","BMI","CAD","rs9569777",0.386015340742239,0.0279880640455987,2.84196274721369e-43,1165600
"BMI -> CAD","BMI","CAD","rs9599161",0.387576331762612,0.0279711308475992,1.16530717664014e-43,1165600
"BMI -> CAD","BMI","CAD","rs9615905",0.385828955258917,0.0279458621724123,2.33521623982378e-43,1165600
"BMI -> CAD","BMI","CAD","rs962273",0.383832671523606,0.0277454419308642,1.58753911798082e-43,1165600
"BMI -> CAD","BMI","CAD","rs962796",0.387958456568522,0.0279675599602696,9.39816262439425e-44,1165600
"BMI -> CAD","BMI","CAD","rs9650755",0.386745802894712,0.0279966293111706,2.09810033687147e-43,1165600
"BMI -> CAD","BMI","CAD","rs9688431",0.387335499221236,0.0279836212317409,1.43172450432592e-43,1165600
"BMI -> CAD","BMI","CAD","rs977747",0.386100821634925,0.0279988220308664,2.9318552027318e-43,1165600
"BMI -> CAD","BMI","CAD","rs9783858",0.387944961705435,0.0279387801565321,7.7517380793171e-44,1165600
"BMI -> CAD","BMI","CAD","rs9806742",0.386280970810527,0.0279844313114933,2.43029500055284e-43,1165600
"BMI -> CAD","BMI","CAD","rs9816226",0.388987191786801,0.0280348602239641,8.96366134623215e-44,1165600
"BMI -> CAD","BMI","CAD","rs9827823",0.386045311195378,0.0279803889852274,2.65696175034534e-43,1165600
"BMI -> CAD","BMI","CAD","rs9845966",0.386872643085185,0.0279860413693278,1.83213421807729e-43,1165600
"BMI -> CAD","BMI","CAD","rs987237",0.383943271349584,0.0280815823450693,1.4837120317812e-42,1165600
"BMI -> CAD","BMI","CAD","rs9926784",0.389199182345033,0.0279838207940825,5.6635485944743e-44,1165600
"BMI -> CAD","BMI","CAD","rs9927848",0.386919700440307,0.027986336765191,1.79345438991074e-43,1165600
"BMI -> CAD","BMI","CAD","rs9951619",0.387537789134033,0.027987994321861,1.33428715599711e-43,1165600
"BMI -> CAD","BMI","CAD","rs998732",0.386593002253644,0.0279869431314712,2.11796716917238e-43,1165600
"BMI -> CAD","BMI","CAD","rs9989141",0.387105702030654,0.0280040048120712,1.84606261028408e-43,1165600
"BMI -> CAD","BMI","CAD","rs999889",0.386857398725439,0.0279830664158386,1.80873856762305e-43,1165600
"BMI -> CAD","BMI","CAD","All",0.386980879552735,0.0279435910765911,1.29633992655145e-43,1165600
"LDL -> CAD","LDL","CAD","rs1010810",0.51150393457,0.0332761240928563,2.54215507404985e-53,1165670
"LDL -> CAD","LDL","CAD","rs10108282",0.51074866202022,0.0333083641133,4.53574069995866e-53,1165670
"LDL -> CAD","LDL","CAD","rs1014283",0.510428219548638,0.0332986635484485,4.91048884214053e-53,1165670
"LDL -> CAD","LDL","CAD","rs10184004",0.509941122363726,0.0332647695786017,4.83728511746373e-53,1165670
"LDL -> CAD","LDL","CAD","rs10184673",0.511573599583343,0.033336978055169,3.79447178600575e-53,1165670
"LDL -> CAD","LDL","CAD","rs10214374",0.511056663145681,0.03330166236695,3.75082428164333e-53,1165670
"LDL -> CAD","LDL","CAD","rs10272002",0.511006790576049,0.0333279191439524,4.62403176662247e-53,1165670
"LDL -> CAD","LDL","CAD","rs10438978",0.512298779636058,0.0332582410202418,1.54651697306558e-53,1165670
"LDL -> CAD","LDL","CAD","rs1044573",0.510504996760801,0.0333007105202618,4.80850530702324e-53,1165670
"LDL -> CAD","LDL","CAD","rs10495907",0.510150175529063,0.0333343064536369,7.183397852701e-53,1165670
"LDL -> CAD","LDL","CAD","rs1057868",0.511149281599121,0.033303053343953,3.62912782663071e-53,1165670
"LDL -> CAD","LDL","CAD","rs1061537",0.511453159376408,0.0332949670941591,2.9766062505935e-53,1165670
"LDL -> CAD","LDL","CAD","rs10753556",0.510700190293628,0.0333016862998241,4.42403454751797e-53,1165670
"LDL -> CAD","LDL","CAD","rs10832956",0.510417616416805,0.0333285863989429,6.09838025610055e-53,1165670
"LDL -> CAD","LDL","CAD","rs10843390",0.511264161814548,0.033293275424555,3.2100940043028e-53,1165670
"LDL -> CAD","LDL","CAD","rs10899485",0.510304737616799,0.0332849576495377,4.71766399618799e-53,1165670
"LDL -> CAD","LDL","CAD","rs10903129",0.513213387973658,0.0333213460165097,1.58830572032124e-53,1165670
"LDL -> CAD","LDL","CAD","rs10910522",0.511475337482427,0.0332959828329759,2.96755268754195e-53,1165670
"LDL -> CAD","LDL","CAD","rs11048637",0.511053434857231,0.033295262531145,3.58947892376022e-53,1165670
"LDL -> CAD","LDL","CAD","rs11057841",0.507575439004956,0.0330616337377804,3.4131958806221e-53,1165670
"LDL -> CAD","LDL","CAD","rs1109375",0.506789272355263,0.0335660392909181,1.66226818575007e-51,1165670
"LDL -> CAD","LDL","CAD","rs111505533",0.510852773037082,0.0333025029041454,4.14654241143153e-53,1165670
"LDL -> CAD","LDL","CAD","rs11167778",0.509447862700211,0.033255910466832,5.70740008005327e-53,1165670
"LDL -> CAD","LDL","CAD","rs11175540",0.512229384907323,0.0332642792023851,1.66781177073364e-53,1165670
"LDL -> CAD","LDL","CAD","rs111938177",0.511672356810474,0.0332561195947675,2.0380808405086e-53,1165670
"LDL -> CAD","LDL","CAD","rs11206517",0.510547715207818,0.033416979462981,1.07027292035846e-52,1165670
"LDL -> CAD","LDL","CAD","rs11218753",0.510691647390223,0.0333002627054625,4.3969293219338e-53,1165670
"LDL -> CAD","LDL","CAD","rs112244600",0.510563793782157,0.0333063362881872,4.8698952524698e-53,1165670
"LDL -> CAD","LDL","CAD","rs11226108",0.510343406556527,0.0332979464614124,5.08094927621336e-53,1165670
"LDL -> CAD","LDL","CAD","rs1123571",0.510926358311923,0.0333065875980442,4.12563934147106e-53,1165670
"LDL -> CAD","LDL","CAD","rs112575086",0.510407678050953,0.0332909084238998,4.69219108472804e-53,1165670
"LDL -> CAD","LDL","CAD","rs112811239",0.510475936205331,0.033296130704285,4.71788191622408e-53,1165670
"LDL -> CAD","LDL","CAD","rs112838464",0.510029762947777,0.0332525370824739,4.25659077190691e-53,1165670
"LDL -> CAD","LDL","CAD","rs112896975",0.510581371199652,0.0332956939583188,4.47946889753876e-53,1165670
"LDL -> CAD","LDL","CAD","rs113053770",0.510916631853829,0.0333024405661642,4.0240626775474e-53,1165670
"LDL -> CAD","LDL","CAD","rs113313551",0.510570054070515,0.0332977402427835,4.56879620557481e-53,1165670
"LDL -> CAD","LDL","CAD","rs113330691",0.514955033363217,0.0337809076145878,1.8056671832889e-52,1165670
"LDL -> CAD","LDL","CAD","rs1135908",0.510403007628695,0.033290848853314,4.70035125802444e-53,1165670
"LDL -> CAD","LDL","CAD","rs113654127",0.510612250835797,0.0332991330179648,4.52497674371683e-53,1165670
"LDL -> CAD","LDL","CAD","rs113733462",0.510720446269295,0.0332997851755234,4.32408194790752e-53,1165670
"LDL -> CAD","LDL","CAD","rs113776580",0.511444432031513,0.0332944355651072,2.97738193518004e-53,1165670
"LDL -> CAD","LDL","CAD","rs113898337",0.510586426587479,0.03329871412207,4.56575581236594e-53,1165670
"LDL -> CAD","LDL","CAD","rs114165349",0.509067760084346,0.0333293692489134,1.14226713831218e-52,1165670
"LDL -> CAD","LDL","CAD","rs114491880",0.510746085438876,0.0333031475735717,4.37624671054617e-53,1165670
"LDL -> CAD","LDL","CAD","rs114863007",0.514282493336426,0.0330491821441334,1.33725091621081e-54,1165670
"LDL -> CAD","LDL","CAD","rs114934704",0.510501300449414,0.0333082864484815,5.08231747970484e-53,1165670
"LDL -> CAD","LDL","CAD","rs11499828",0.510113167663203,0.0332805123165014,4.99482021329145e-53,1165670
"LDL -> CAD","LDL","CAD","rs115263569",0.511410763369051,0.0332845313225495,2.81829306207228e-53,1165670
"LDL -> CAD","LDL","CAD","rs115458560",0.511544581269913,0.0332912448456865,2.77851998464723e-53,1165670
"LDL -> CAD","LDL","CAD","rs115717608",0.510361114973054,0.0332911917798849,4.8039669433658e-53,1165670
"LDL -> CAD","LDL","CAD","rs11579411",0.510394908563082,0.0332877416974809,4.61517146532788e-53,1165670
"LDL -> CAD","LDL","CAD","rs11601507",0.508093728062965,0.0332519941582269,1.03784598435048e-52,1165670
"LDL -> CAD","LDL","CAD","rs11621792",0.511624688009794,0.0333326215725556,3.59309219104222e-53,1165670
"LDL -> CAD","LDL","CAD","rs11636087",0.511290780481967,0.0333064349206509,3.48172004124295e-53,1165670
"LDL -> CAD","LDL","CAD","rs11670900",0.51254987263243,0.0333265980549079,2.2431621629071e-53,1165670
"LDL -> CAD","LDL","CAD","rs116734477",0.510961899592203,0.0333323484139775,4.87134079444145e-53,1165670
"LDL -> CAD","LDL","CAD","rs1169288",0.505139406545201,0.03325733924392,4.19465636065676e-52,1165670
"LDL -> CAD","LDL","CAD","rs117139027",0.512302986313831,0.0332687675969165,1.66433817859607e-53,1165670
"LDL -> CAD","LDL","CAD","rs11719535",0.51140958531937,0.0332916471420629,2.96638352893336e-53,1165670
"LDL -> CAD","LDL","CAD","rs117233107",0.510910788694209,0.0333042428705137,4.08689477880796e-53,1165670
"LDL -> CAD","LDL","CAD","rs117590445",0.510524730119948,0.0332970866043066,4.64399151300332e-53,1165670
"LDL -> CAD","LDL","CAD","rs11761517",0.51108499696163,0.0332974305576013,3.59233008112308e-53,1165670
"LDL -> CAD","LDL","CAD","rs117765227",0.511190662971994,0.0332999683311066,3.48308740615545e-53,1165670
"LDL -> CAD","LDL","CAD","rs11787335",0.51311703470373,0.0332862802628697,1.29227379799454e-53,1165670
"LDL -> CAD","LDL","CAD","rs11789603",0.510988971363192,0.0333155255555116,4.27021730445496e-53,1165670
"LDL -> CAD","LDL","CAD","rs118039278",0.473066724420809,0.0309262097605404,8.05218855167925e-53,1165670
"LDL -> CAD","LDL","CAD","rs11837065",0.510574603899391,0.0333033358947214,4.74368391037798e-53,1165670
"LDL -> CAD","LDL","CAD","rs11846704",0.511232274250079,0.0333063081119982,3.57406430443031e-53,1165670
"LDL -> CAD","LDL","CAD","rs11887443",0.512756253581508,0.0330821687743126,3.49737270227869e-54,1165670
"LDL -> CAD","LDL","CAD","rs12016920",0.510587393399422,0.0333086765307725,4.89759995849294e-53,1165670
"LDL -> CAD","LDL","CAD","rs12055389",0.509330159148903,0.033242254639772,5.4707746046402e-53,1165670
"LDL -> CAD","LDL","CAD","rs12094989",0.509827468524294,0.0332620346016209,5.00055247349474e-53,1165670
"LDL -> CAD","LDL","CAD","rs12106385",0.510391961573646,0.0332925509685009,4.78178185637963e-53,1165670
"LDL -> CAD","LDL","CAD","rs12114596",0.511182107499054,0.0332941140829525,3.35437906148918e-53,1165670
"LDL -> CAD","LDL","CAD","rs12138866",0.511248390599341,0.0332949641975958,3.27270037178159e-53,1165670
"LDL -> CAD","LDL","CAD","rs12208357",0.511517191754632,0.0333936008911063,5.81341613482192e-53,1165670
"LDL -> CAD","LDL","CAD","rs12271333",0.510476935458548,0.0333034921459288,4.96824983090813e-53,1165670
"LDL -> CAD","LDL","CAD","rs12306780",0.511857223594855,0.0332640631319151,1.97962619627887e-53,1165670
"LDL -> CAD","LDL","CAD","rs12445804",0.510318684959331,0.0333225073627396,6.11481928260063e-53,1165670
"LDL -> CAD","LDL","CAD","rs12451056",0.511087538047808,0.0333130028286488,4.00760217580223e-53,1165670
"LDL -> CAD","LDL","CAD","rs12454507",0.510642278588116,0.0333015343780013,4.53921653515473e-53,1165670
"LDL -> CAD","LDL","CAD","rs1250259",0.51560671649788,0.0328412676535938,1.51328159157985e-55,1165670
"LDL -> CAD","LDL","CAD","rs12504134",0.510622255938975,0.0332992593302741,4.50812523026479e-53,1165670
"LDL -> CAD","LDL","CAD","rs12533280",0.510243051195876,0.0333077986674201,5.70657700144371e-53,1165670
"LDL -> CAD","LDL","CAD","rs12551960",0.509780880315893,0.0333203864114872,7.72017185198833e-53,1165670
"LDL -> CAD","LDL","CAD","rs1260326",0.510735487697002,0.0333851762230421,7.85143404720282e-53,1165670
"LDL -> CAD","LDL","CAD","rs12603290",0.509970604222889,0.0333608253881941,9.40567432147579e-53,1165670
"LDL -> CAD","LDL","CAD","rs12614487",0.511054177606891,0.0333153063594363,4.13696221820236e-53,1165670
"LDL -> CAD","LDL","CAD","rs12657266",0.510669496123894,0.0334140242944337,9.91288659294865e-53,1165670
"LDL -> CAD","LDL","CAD","rs12662589",0.510666863022538,0.0333132066303127,4.87495783375009e-53,1165670
"LDL -> CAD","LDL","CAD","rs12691088",0.511668194376662,0.0335708748995665,1.87711800473756e-52,1165670
"LDL -> CAD","LDL","CAD","rs12693968",0.512437026473343,0.0332900814309443,1.82139544547581e-53,1165670
"LDL -> CAD","LDL","CAD","rs12747477",0.51040158930715,0.0334596004582752,1.5422342590722e-52,1165670
"LDL -> CAD","LDL","CAD","rs12917376",0.51203075097533,0.0332625721801347,1.80691429206492e-53,1165670
"LDL -> CAD","LDL","CAD","rs1292069",0.511383500301603,0.0332909517359171,2.98763027714565e-53,1165670
"LDL -> CAD","LDL","CAD","rs12943633",0.510470386431026,0.0332967691423267,4.75145998340128e-53,1165670
"LDL -> CAD","LDL","CAD","rs12949918",0.509936333261534,0.0332483747255607,4.31533423211316e-53,1165670
"LDL -> CAD","LDL","CAD","rs12968116",0.510600985301227,0.0332997214514552,4.56762928266108e-53,1165670
"LDL -> CAD","LDL","CAD","rs12979383",0.51157602421917,0.0332626368735861,2.23292736763941e-53,1165670
"LDL -> CAD","LDL","CAD","rs13011344",0.510877911909425,0.0333028847594321,4.10972453487256e-53,1165670
"LDL -> CAD","LDL","CAD","rs13076933",0.510823689924918,0.0333397094053252,5.46988763003714e-53,1165670
"LDL -> CAD","LDL","CAD","rs13108218",0.509308780706325,0.033286381239833,7.55044873234902e-53,1165670
"LDL -> CAD","LDL","CAD","rs13153174",0.511410032657812,0.0332834103175636,2.79682651309401e-53,1165670
"LDL -> CAD","LDL","CAD","rs13255048",0.509809997218595,0.0332879084904558,6.05528025316194e-53,1165670
"LDL -> CAD","LDL","CAD","rs13268",0.51130764757742,0.0332985770926109,3.26697597724401e-53,1165670
"LDL -> CAD","LDL","CAD","rs13301660",0.510016402513123,0.0332942358538807,5.75657459980597e-53,1165670
"LDL -> CAD","LDL","CAD","rs13379043",0.510121151980557,0.0333043548012581,5.89176230192335e-53,1165670
"LDL -> CAD","LDL","CAD","rs13403394",0.511119273890231,0.0332995850019243,3.59032165052562e-53,1165670
"LDL -> CAD","LDL","CAD","rs1375131",0.511386960235768,0.0333130703030475,3.49088469551416e-53,1165670
"LDL -> CAD","LDL","CAD","rs137939915",0.510559303891709,0.0332925678298371,4.4261828200441e-53,1165670
"LDL -> CAD","LDL","CAD","rs137986063",0.510613576215648,0.0332942323649117,4.36771876982199e-53,1165670
"LDL -> CAD","LDL","CAD","rs138181035",0.511435890246361,0.0333229133944322,3.65982668580194e-53,1165670
"LDL -> CAD","LDL","CAD","rs138204164",0.5110225512454,0.0333038423242037,3.86993955427762e-53,1165670
"LDL -> CAD","LDL","CAD","rs138326449",0.510598447343856,0.0333054143621229,4.76130629007144e-53,1165670
"LDL -> CAD","LDL","CAD","rs138352",0.511784080003762,0.0332876311041356,2.42327888089679e-53,1165670
"LDL -> CAD","LDL","CAD","rs138762595",0.511329270677137,0.0332852566980921,2.94194173795706e-53,1165670
"LDL -> CAD","LDL","CAD","rs138919468",0.510917854469239,0.0333004339659796,3.96491117674184e-53,1165670
"LDL -> CAD","LDL","CAD","rs138963027",0.511379799352143,0.0333012543224313,3.22035153228031e-53,1165670
"LDL -> CAD","LDL","CAD","rs139146837",0.510683511596484,0.0332984375223457,4.35673608339268e-53,1165670
"LDL -> CAD","LDL","CAD","rs139451770",0.510914127022696,0.0332978954257767,3.90081670760884e-53,1165670
"LDL -> CAD","LDL","CAD","rs140526515",0.511021642076967,0.0333359072944572,4.85968581609031e-53,1165670
"LDL -> CAD","LDL","CAD","rs140570886",0.48569654745628,0.0320724146408586,8.332707160374e-52,1165670
"LDL -> CAD","LDL","CAD","rs141463285",0.510396855310924,0.0332680161917032,4.00852746597853e-53,1165670
"LDL -> CAD","LDL","CAD","rs141469619",0.510690971074047,0.0333077072159345,4.63669534363917e-53,1165670
"LDL -> CAD","LDL","CAD","rs141783576",0.510325431645902,0.0332936955123325,4.9713303786053e-53,1165670
"LDL -> CAD","LDL","CAD","rs142669812",0.510435305443932,0.0332994113259617,4.92043378684365e-53,1165670
"LDL -> CAD","LDL","CAD","rs142746289",0.510058493427182,0.0333094634654054,6.2878224090196e-53,1165670
"LDL -> CAD","LDL","CAD","rs1434282",0.511202752965966,0.0332995511708455,3.45339356984495e-53,1165670
"LDL -> CAD","LDL","CAD","rs144456306",0.511381855680522,0.0333303324290033,3.95524798777353e-53,1165670
"LDL -> CAD","LDL","CAD","rs144787122",0.511709373828804,0.0332840596369626,2.44563313394635e-53,1165670
"LDL -> CAD","LDL","CAD","rs144900553",0.513874142797604,0.0333827974568539,1.81303925509589e-53,1165670
"LDL -> CAD","LDL","CAD","rs145164937",0.510807057867779,0.0333007500327862,4.18281111651846e-53,1165670
"LDL -> CAD","LDL","CAD","rs145275181",0.510904580666757,0.0333010740301081,4.00750196515041e-53,1165670
"LDL -> CAD","LDL","CAD","rs145379028",0.511040784783519,0.0333170263643124,4.21374890446493e-53,1165670
"LDL -> CAD","LDL","CAD","rs145467679",0.511320819624983,0.0332913449344716,3.08428604427588e-53,1165670
"LDL -> CAD","LDL","CAD","rs146194062",0.511110675855389,0.0333118068039959,3.93143543871183e-53,1165670
"LDL -> CAD","LDL","CAD","rs146335137",0.510669528002686,0.0333042639818803,4.56997433283677e-53,1165670
"LDL -> CAD","LDL","CAD","rs146674238",0.510779617405326,0.0333049032174817,4.36289674088732e-53,1165670
"LDL -> CAD","LDL","CAD","rs146842409",0.510740387253073,0.0332923448365736,4.06403280616082e-53,1165670
"LDL -> CAD","LDL","CAD","rs147539187",0.510594507577504,0.0333067476444278,4.81526488076329e-53,1165670
"LDL -> CAD","LDL","CAD","rs147773754",0.510995207385086,0.0332958708321519,3.70351637071726e-53,1165670
"LDL -> CAD","LDL","CAD","rs147791730",0.511326370512815,0.0332917477556115,3.08519500229691e-53,1165670
"LDL -> CAD","LDL","CAD","rs147831535",0.510741730776003,0.0332997799578213,4.28156326569222e-53,1165670
"LDL -> CAD","LDL","CAD","rs147873637",0.510808260076139,0.0333036190831074,4.26644970612457e-53,1165670
"LDL -> CAD","LDL","CAD","rs148086620",0.510835699581724,0.0333104197360808,4.42081000224529e-53,1165670
"LDL -> CAD","LDL","CAD","rs148163986",0.510139687031168,0.0332807252405171,4.94138356105113e-53,1165670
"LDL -> CAD","LDL","CAD","rs149302547",0.511136429020034,0.0333143292403905,3.95505106806375e-53,1165670
"LDL -> CAD","LDL","CAD","rs149487765",0.510482224901444,0.0333130711652009,5.30398324076047e-53,1165670
"LDL -> CAD","LDL","CAD","rs149712259",0.511043954044612,0.0333022285532348,3.7881490095161e-53,1165670
"LDL -> CAD","LDL","CAD","rs1497406",0.510436440636783,0.0333092344575315,5.27220239165418e-53,1165670
"LDL -> CAD","LDL","CAD","rs150474434",0.510364846904074,0.0333489839735398,7.21642640781143e-53,1165670
"LDL -> CAD","LDL","CAD","rs151150389",0.511201875870486,0.0332993070102615,3.44880623071317e-53,1165670
"LDL -> CAD","LDL","CAD","rs1515565",0.511136255146826,0.0333000330205527,3.57356824809281e-53,1165670
"LDL -> CAD","LDL","CAD","rs1556857",0.511561217194754,0.0333139577465719,3.24077556822335e-53,1165670
"LDL -> CAD","LDL","CAD","rs1567670",0.510426811416189,0.0332855672784323,4.47795548603836e-53,1165670
"LDL -> CAD","LDL","CAD","rs1569750",0.511657889530906,0.0332756553703643,2.35900783140855e-53,1165670
"LDL -> CAD","LDL","CAD","rs1571791",0.511488765664416,0.033303191214626,3.10434940061858e-53,1165670
"LDL -> CAD","LDL","CAD","rs1638586",0.510913685056963,0.0333074958457791,4.17671861253228e-53,1165670
"LDL -> CAD","LDL","CAD","rs16861497",0.510988447820664,0.0333012611712475,3.86009900749182e-53,1165670
"LDL -> CAD","LDL","CAD","rs1689801",0.510504349101104,0.0333112000156813,5.18096089335445e-53,1165670
"LDL -> CAD","LDL","CAD","rs17036094",0.509101165158095,0.0333369944470972,1.18676290319228e-52,1165670
"LDL -> CAD","LDL","CAD","rs17050272",0.511470769980369,0.0333403784160816,4.07626496535959e-53,1165670
"LDL -> CAD","LDL","CAD","rs17101394",0.511379795232678,0.0332971417975723,3.1275284213116e-53,1165670
"LDL -> CAD","LDL","CAD","rs1712249",0.510062479957242,0.0336673968920381,7.57180996012384e-52,1165670
"LDL -> CAD","LDL","CAD","rs17192725",0.509545665281986,0.0333140974729327,8.23120803063598e-53,1165670
"LDL -> CAD","LDL","CAD","rs17248882",0.510871130732434,0.0332993038414877,4.01918472719882e-53,1165670
"LDL -> CAD","LDL","CAD","rs17425376",0.51098949245384,0.0333032007871693,3.91173033829545e-53,1165670
"LDL -> CAD","LDL","CAD","rs174547",0.513343430665073,0.0334434693887961,3.56450415211868e-53,1165670
"LDL -> CAD","LDL","CAD","rs17476364",0.51115495566002,0.033316235148147,3.97469859701642e-53,1165670
"LDL -> CAD","LDL","CAD","rs17532371",0.510868626301068,0.0333049571587051,4.18855213275062e-53,1165670
"LDL -> CAD","LDL","CAD","rs17580",0.512150998131539,0.0333011675150077,2.25125246432467e-53,1165670
"LDL -> CAD","LDL","CAD","rs17582155",0.510510335595282,0.0333038143772421,4.90332164935003e-53,1165670
"LDL -> CAD","LDL","CAD","rs17617028",0.51088981339175,0.0333083457886307,4.2486212668198e-53,1165670
"LDL -> CAD","LDL","CAD","rs17665178",0.511005814498198,0.0333150774114574,4.22364943255072e-53,1165670
"LDL -> CAD","LDL","CAD","rs17703146",0.510846388749655,0.0333033612583207,4.18421059679729e-53,1165670
"LDL -> CAD","LDL","CAD","rs17725246",0.509851454306298,0.0334071321852715,1.37500603834833e-52,1165670
"LDL -> CAD","LDL","CAD","rs17776811",0.510704789550265,0.033303063861406,4.45797316284255e-53,1165670
"LDL -> CAD","LDL","CAD","rs1800562",0.511166143507114,0.0333679697493268,5.70307917223871e-53,1165670
"LDL -> CAD","LDL","CAD","rs1800961",0.511508320711709,0.0333256422597006,3.60848280650603e-53,1165670
"LDL -> CAD","LDL","CAD","rs1801689",0.510168630267939,0.0333704321303745,9.18683189321028e-53,1165670
"LDL -> CAD","LDL","CAD","rs180760728",0.50845793008336,0.0336096513822738,1.05333097181425e-51,1165670
"LDL -> CAD","LDL","CAD","rs180887453",0.511572028901261,0.0333177294189866,3.31220203217289e-53,1165670
"LDL -> CAD","LDL","CAD","rs181372486",0.511610886661456,0.0332619308598134,2.18602126239003e-53,1165670
"LDL -> CAD","LDL","CAD","rs182067414",0.515184474737861,0.0334124493474528,1.22096240318334e-53,1165670
"LDL -> CAD","LDL","CAD","rs182218052",0.510889694329911,0.0333089613679584,4.26744668719305e-53,1165670
"LDL -> CAD","LDL","CAD","rs182614118",0.511148846356495,0.0332892268374831,3.29009811179298e-53,1165670
"LDL -> CAD","LDL","CAD","rs182662731",0.51098147809322,0.0333028016104548,3.91515164402185e-53,1165670
"LDL -> CAD","LDL","CAD","rs183425888",0.511198090853238,0.033278204598261,2.973262439184e-53,1165670
"LDL -> CAD","LDL","CAD","rs183654358",0.511166875205724,0.0332936418528678,3.36680095450835e-53,1165670
"LDL -> CAD","LDL","CAD","rs1838931",0.510149364081172,0.0332829803979501,4.99859506859718e-53,1165670
"LDL -> CAD","LDL","CAD","rs184278183",0.504365346981551,0.0329132929752166,5.28112911261987e-53,1165670
"LDL -> CAD","LDL","CAD","rs1850956",0.510255123321348,0.0332752884637521,4.50719722296284e-53,1165670
"LDL -> CAD","LDL","CAD","rs185319288",0.510723919754092,0.0332956786216833,4.19317041207662e-53,1165670
"LDL -> CAD","LDL","CAD","rs186021206",0.510602835775128,0.0334287297102241,1.13315277485705e-52,1165670
"LDL -> CAD","LDL","CAD","rs186313460",0.511343998590635,0.0333049478520903,3.36128939391219e-53,1165670
"LDL -> CAD","LDL","CAD","rs1870140",0.512168718455539,0.033192924840487,1.02779584829278e-53,1165670
"LDL -> CAD","LDL","CAD","rs187045126",0.51139735579302,0.03329123125106,2.97442270120691e-53,1165670
"LDL -> CAD","LDL","CAD","rs187288185",0.511026673788792,0.0332994083871142,3.7428462449122e-53,1165670
"LDL -> CAD","LDL","CAD","rs187908757",0.510473656043842,0.0333166439291268,5.46138046065275e-53,1165670
"LDL -> CAD","LDL","CAD","rs187918276",0.511409058478371,0.0332870850515112,2.87228668763352e-53,1165670
"LDL -> CAD","LDL","CAD","rs188002707",0.510664401294917,0.0333089517408258,4.73557683016026e-53,1165670
"LDL -> CAD","LDL","CAD","rs188161988",0.510786335325076,0.0333055440048234,4.36917460458276e-53,1165670
"LDL -> CAD","LDL","CAD","rs188254602",0.511057382279277,0.0332943319766222,3.55931088710418e-53,1165670
"LDL -> CAD","LDL","CAD","rs1883711",0.508612201915031,0.0334630299851714,3.57816261527975e-52,1165670
"LDL -> CAD","LDL","CAD","rs188581689",0.509442253656947,0.0331673477549971,3.04735607497265e-53,1165670
"LDL -> CAD","LDL","CAD","rs188643031",0.511030181239666,0.0333064296340355,3.9277841711935e-53,1165670
"LDL -> CAD","LDL","CAD","rs188999888",0.510440957714912,0.0332909207858616,4.62092822573052e-53,1165670
"LDL -> CAD","LDL","CAD","rs189011737",0.510651409496909,0.0333087967522797,4.75886980074869e-53,1165670
"LDL -> CAD","LDL","CAD","rs189194246",0.511013618453232,0.033302056870168,3.83701832296514e-53,1165670
"LDL -> CAD","LDL","CAD","rs1896995",0.511427063387974,0.0332994783378005,3.11108260750378e-53,1165670
"LDL -> CAD","LDL","CAD","rs189707640",0.510731850668802,0.0332849123352947,3.87035889755226e-53,1165670
"LDL -> CAD","LDL","CAD","rs189974330",0.51033387177413,0.0332738235578277,4.3009260394418e-53,1165670
"LDL -> CAD","LDL","CAD","rs190387002",0.511358131633459,0.0333066237690655,3.3793838863145e-53,1165670
"LDL -> CAD","LDL","CAD","rs190671241",0.511065600870073,0.0333056071252944,3.8414511529241e-53,1165670
"LDL -> CAD","LDL","CAD","rs190707962",0.511588931130182,0.0332787947448825,2.49086005763656e-53,1165670
"LDL -> CAD","LDL","CAD","rs191243200",0.510807351241303,0.0333119718823905,4.52868483673962e-53,1165670
"LDL -> CAD","LDL","CAD","rs192162998",0.51094112415664,0.0333009964692383,3.93814649576012e-53,1165670
"LDL -> CAD","LDL","CAD","rs192971821",0.510678311280789,0.0332980865049756,4.3563671668413e-53,1165670
"LDL -> CAD","LDL","CAD","rs193042029",0.510981329956952,0.0333003652758323,3.84827625657723e-53,1165670
"LDL -> CAD","LDL","CAD","rs1963676",0.510920801990229,0.0333166345350649,4.44171341967022e-53,1165670
"LDL -> CAD","LDL","CAD","rs1992172",0.511247909386858,0.033316622187841,3.8179188996579e-53,1165670
"LDL -> CAD","LDL","CAD","rs200737042",0.511117422510168,0.0333049743257245,3.73362391877764e-53,1165670
"LDL -> CAD","LDL","CAD","rs2034796",0.510887801657755,0.0333021794246522,4.07054058165832e-53,1165670
"LDL -> CAD","LDL","CAD","rs2066714",0.509551863025492,0.033259788164929,5.59086905357895e-53,1165670
"LDL -> CAD","LDL","CAD","rs2068888",0.509882086634353,0.0333120714766457,6.94805388139982e-53,1165670
"LDL -> CAD","LDL","CAD","rs208432",0.510270444928594,0.0332906166174437,4.98927664995308e-53,1165670
"LDL -> CAD","LDL","CAD","rs2085723",0.510528941352061,0.0332984471602096,4.67988121356261e-53,1165670
"LDL -> CAD","LDL","CAD","rs2112653",0.517407624523658,0.0335838318688204,1.48128932780645e-53,1165670
"LDL -> CAD","LDL","CAD","rs2125345",0.509683118529369,0.0332882953425591,6.4384047966445e-53,1165670
"LDL -> CAD","LDL","CAD","rs214080",0.5109398182794,0.0333017410975906,3.96141101633868e-53,1165670
"LDL -> CAD","LDL","CAD","rs2193006",0.510666035384042,0.033299818256407,4.43531695916174e-53,1165670
"LDL -> CAD","LDL","CAD","rs223042",0.510577389554257,0.0332965679935463,4.51562986819758e-53,1165670
"LDL -> CAD","LDL","CAD","rs2235215",0.510926463161484,0.033386437646958,7.25494864714639e-53,1165670
"LDL -> CAD","LDL","CAD","rs224424",0.511542222206958,0.0333280243749152,3.61292645638837e-53,1165670
"LDL -> CAD","LDL","CAD","rs2247139",0.511087597866004,0.0333011746292536,3.68472299416754e-53,1165670
"LDL -> CAD","LDL","CAD","rs2250751",0.510417521417559,0.033315648004754,5.56545512962013e-53,1165670
"LDL -> CAD","LDL","CAD","rs2257885",0.511006411843075,0.033306542117311,3.9743829360046e-53,1165670
"LDL -> CAD","LDL","CAD","rs2296288",0.510259303576088,0.0332944743715566,5.15401683496098e-53,1165670
"LDL -> CAD","LDL","CAD","rs2301179",0.50988568293041,0.0333021020322398,6.46471387532445e-53,1165670
"LDL -> CAD","LDL","CAD","rs2391159",0.513072541782749,0.0332540407161367,1.04673915624518e-53,1165670
"LDL -> CAD","LDL","CAD","rs2434583",0.51087662913173,0.0333026674671287,4.10582813845739e-53,1165670
"LDL -> CAD","LDL","CAD","rs2451322",0.509725583124931,0.0332466640054145,4.70034847950271e-53,1165670
"LDL -> CAD","LDL","CAD","rs247617",0.507991045360178,0.0333772019702922,2.61723122726145e-52,1165670
"LDL -> CAD","LDL","CAD","rs2594205",0.51067718870264,0.0333012247337711,4.45673166899455e-53,1165670
"LDL -> CAD","LDL","CAD","rs2617447",0.510304417880047,0.0332800679843577,4.55751984040599e-53,1165670
"LDL -> CAD","LDL","CAD","rs2618566",0.511853006736074,0.0334358848702471,6.71007796491277e-53,1165670
"LDL -> CAD","LDL","CAD","rs263423",0.511124027171014,0.0332976546237293,3.5336282502431e-53,1165670
"LDL -> CAD","LDL","CAD","rs2642438",0.511207096784322,0.0333539660410344,5.06900092737427e-53,1165670
"LDL -> CAD","LDL","CAD","rs267733",0.512002663583705,0.0332749555977254,2.00011172172944e-53,1165670
"LDL -> CAD","LDL","CAD","rs2706381",0.511554252170354,0.0333117376554388,3.20033459110138e-53,1165670
"LDL -> CAD","LDL","CAD","rs272441",0.510793123414556,0.0333014359021149,4.23039427386526e-53,1165670
"LDL -> CAD","LDL","CAD","rs2737245",0.512480368708575,0.0333199273457049,2.20902013034534e-53,1165670
"LDL -> CAD","LDL","CAD","rs2740488",0.510113254075846,0.0333384866604944,7.52537199346491e-53,1165670
"LDL -> CAD","LDL","CAD","rs2792751",0.511581884786792,0.0333349792720915,3.72674482113938e-53,1165670
"LDL -> CAD","LDL","CAD","rs28375625",0.511070911844314,0.0333015538715061,3.7233029184396e-53,1165670
"LDL -> CAD","LDL","CAD","rs28381707",0.51079691025351,0.0333092738840606,4.46438845070368e-53,1165670
"LDL -> CAD","LDL","CAD","rs2840354",0.51113933362506,0.0332993129067148,3.55026765413463e-53,1165670
"LDL -> CAD","LDL","CAD","rs28497720",0.510725512015343,0.0333196739493617,4.96700740749516e-53,1165670
"LDL -> CAD","LDL","CAD","rs28498684",0.509629702402078,0.0332650436350937,5.59779365727132e-53,1165670
"LDL -> CAD","LDL","CAD","rs28615248",0.509283657066573,0.0333011507629421,8.47774190777533e-53,1165670
"LDL -> CAD","LDL","CAD","rs28732146",0.510399975500542,0.0332982575127971,4.96073012309035e-53,1165670
"LDL -> CAD","LDL","CAD","rs28811342",0.510673357710372,0.0333044387018149,4.5675437707658e-53,1165670
"LDL -> CAD","LDL","CAD","rs28894779",0.510735673790399,0.0333032292102801,4.39991483455335e-53,1165670
"LDL -> CAD","LDL","CAD","rs28929474",0.513488552618954,0.0330560388982538,2.04614789314048e-54,1165670
"LDL -> CAD","LDL","CAD","rs2936512",0.511237465033322,0.0333027684533889,3.47693842048258e-53,1165670
"LDL -> CAD","LDL","CAD","rs2941465",0.51060880408586,0.0332985120485501,4.51228167923867e-53,1165670
"LDL -> CAD","LDL","CAD","rs2954017",0.504497461065037,0.0335445266106985,4.03765702976836e-51,1165670
"LDL -> CAD","LDL","CAD","rs2970902",0.511619106807703,0.0332710087895552,2.32351514149919e-53,1165670
"LDL -> CAD","LDL","CAD","rs3010275",0.510504905961008,0.033315911974236,5.35531133054362e-53,1165670
"LDL -> CAD","LDL","CAD","rs3184504",0.519699750223792,0.0325432216178101,2.08370820700629e-57,1165670
"LDL -> CAD","LDL","CAD","rs34042070",0.509570029470046,0.0335058037092973,3.11001174355271e-52,1165670
"LDL -> CAD","LDL","CAD","rs342467",0.511373697698132,0.0332924826878906,3.03411016317324e-53,1165670
"LDL -> CAD","LDL","CAD","rs34265667",0.51133072060982,0.0332851765328609,2.938287881295e-53,1165670
"LDL -> CAD","LDL","CAD","rs34276903",0.510966461498643,0.0333004481533032,3.87712466537564e-53,1165670
"LDL -> CAD","LDL","CAD","rs34372369",0.510532042513724,0.0332952626050848,4.56884007489012e-53,1165670
"LDL -> CAD","LDL","CAD","rs34631529",0.510721333616152,0.0333030043693579,4.42213240369156e-53,1165670
"LDL -> CAD","LDL","CAD","rs34752362",0.511879429436654,0.0332467277295258,1.73077799113301e-53,1165670
"LDL -> CAD","LDL","CAD","rs34927723",0.511491488000417,0.0332845696122702,2.71551224502555e-53,1165670
"LDL -> CAD","LDL","CAD","rs34946607",0.510875727257707,0.0333053708249379,4.18708847313216e-53,1165670
"LDL -> CAD","LDL","CAD","rs35081008",0.510851996771225,0.0333454807066472,5.62374229204317e-53,1165670
"LDL -> CAD","LDL","CAD","rs35106682",0.510984349591831,0.0333007074430834,3.85225069785765e-53,1165670
"LDL -> CAD","LDL","CAD","rs35206901",0.507571070066185,0.0333282476423911,2.25460777849691e-52,1165670
"LDL -> CAD","LDL","CAD","rs352942",0.510929481802378,0.0333037631468646,4.03793759192496e-53,1165670
"LDL -> CAD","LDL","CAD","rs35468353",0.511298666282496,0.033301714809112,3.35459521341791e-53,1165670
"LDL -> CAD","LDL","CAD","rs35570186",0.510577707456793,0.0333003056696963,4.63622218455137e-53,1165670
"LDL -> CAD","LDL","CAD","rs35882350",0.510047906427689,0.0333058022102153,6.15716839036034e-53,1165670
"LDL -> CAD","LDL","CAD","rs3745151",0.512205184765376,0.0333910889943517,4.15895407279349e-53,1165670
"LDL -> CAD","LDL","CAD","rs3780181",0.511115214409312,0.0333302089450901,4.47003243291033e-53,1165670
"LDL -> CAD","LDL","CAD","rs3814365",0.514544839359242,0.0329240529321868,4.67575337734703e-55,1165670
"LDL -> CAD","LDL","CAD","rs3820897",0.51039511583271,0.033304959339154,5.2136057123876e-53,1165670
"LDL -> CAD","LDL","CAD","rs389877",0.512386778020992,0.0331677547428058,7.7410590547343e-54,1165670
"LDL -> CAD","LDL","CAD","rs3935011",0.510262574687055,0.033281030890909,4.67845665966901e-53,1165670
"LDL -> CAD","LDL","CAD","rs4075673",0.520756621757092,0.0334410072250783,1.12126368658944e-54,1165670
"LDL -> CAD","LDL","CAD","rs41274050",0.510494320191055,0.0333042878066798,4.95634922716748e-53,1165670
"LDL -> CAD","LDL","CAD","rs41280463",0.511041453303795,0.0333061857092325,3.90059590367371e-53,1165670
"LDL -> CAD","LDL","CAD","rs41289514",0.513127695553967,0.0334928050578615,5.57565953637232e-53,1165670
"LDL -> CAD","LDL","CAD","rs41302083",0.510514089503102,0.0332921905088055,4.50764713016477e-53,1165670
"LDL -> CAD","LDL","CAD","rs41329344",0.510319275943266,0.0332793269065156,4.50255773879141e-53,1165670
"LDL -> CAD","LDL","CAD","rs4234798",0.510748640133162,0.0333072821005252,4.5011269728143e-53,1165670
"LDL -> CAD","LDL","CAD","rs4307732",0.510137959154918,0.0333848755600947,1.03128827334111e-52,1165670
"LDL -> CAD","LDL","CAD","rs4374942",0.510416638159214,0.0333017270204869,5.04517317199843e-53,1165670
"LDL -> CAD","LDL","CAD","rs4390169",0.512244511723485,0.0332405861161357,1.39750496497654e-53,1165670
"LDL -> CAD","LDL","CAD","rs439382",0.510743676860469,0.0333060601491861,4.47255116467235e-53,1165670
"LDL -> CAD","LDL","CAD","rs45613837",0.511591527374138,0.0332570761696649,2.13057712629794e-53,1165670
"LDL -> CAD","LDL","CAD","rs4671050",0.509557312273701,0.0333193123822061,8.4937607072406e-53,1165670
"LDL -> CAD","LDL","CAD","rs4788817",0.511398190675801,0.0332976255813817,3.11168402456665e-53,1165670
"LDL -> CAD","LDL","CAD","rs4883201",0.511328625344173,0.0333187304438958,3.73346248993372e-53,1165670
"LDL -> CAD","LDL","CAD","rs4942833",0.510375778137301,0.0332856165420454,4.58653667638505e-53,1165670
"LDL -> CAD","LDL","CAD","rs4946713",0.511089417309619,0.0333064026099358,3.82087229905428e-53,1165670
"LDL -> CAD","LDL","CAD","rs4965894",0.511144711385249,0.033296008376985,3.45924083339863e-53,1165670
"LDL -> CAD","LDL","CAD","rs49675",0.511036721248528,0.0332999793058093,3.74061950647228e-53,1165670
"LDL -> CAD","LDL","CAD","rs4970829",0.510139776674673,0.0335416643925263,3.0756988950718e-52,1165670
"LDL -> CAD","LDL","CAD","rs5026917",0.51088370641903,0.0333033125134115,4.11118360977829e-53,1165670
"LDL -> CAD","LDL","CAD","rs523118",0.508746321405706,0.0331519583620698,3.77345768176376e-53,1165670
"LDL -> CAD","LDL","CAD","rs525767",0.510995762768624,0.0333036152726048,3.9118920743516e-53,1165670
"LDL -> CAD","LDL","CAD","rs527428691",0.513899809087196,0.0333401063245608,1.32076314341778e-53,1165670
"LDL -> CAD","LDL","CAD","rs528572518",0.510580857258511,0.0333035772846151,4.73808951926098e-53,1165670
"LDL -> CAD","LDL","CAD","rs529650868",0.510972730464832,0.0333047913057028,3.98694095330833e-53,1165670
"LDL -> CAD","LDL","CAD","rs531660643",0.52243188032669,0.0338436199025531,9.28065053671961e-54,1165670
"LDL -> CAD","LDL","CAD","rs531730588",0.510628722578547,0.0332926083214062,4.28753330044312e-53,1165670
"LDL -> CAD","LDL","CAD","rs534178240",0.510680692658949,0.0333068718351551,4.63127537567958e-53,1165670
"LDL -> CAD","LDL","CAD","rs534770939",0.510138748555042,0.0332912102937868,5.32482697459179e-53,1165670
"LDL -> CAD","LDL","CAD","rs535220258",0.510908982938074,0.0333016380812338,4.01539187789064e-53,1165670
"LDL -> CAD","LDL","CAD","rs536063799",0.511110671704234,0.0333053025749868,3.75404530191205e-53,1165670
"LDL -> CAD","LDL","CAD","rs538405235",0.510760376847735,0.0332985130469182,4.20680994980678e-53,1165670
"LDL -> CAD","LDL","CAD","rs541138574",0.511091153245296,0.0333012393064313,3.68035527455468e-53,1165670
"LDL -> CAD","LDL","CAD","rs541357577",0.511202054838101,0.0333011619018464,3.49428027530509e-53,1165670
"LDL -> CAD","LDL","CAD","rs543600517",0.511469083843269,0.0332685705117969,2.44808584195945e-53,1165670
"LDL -> CAD","LDL","CAD","rs549490989",0.510796685826893,0.0333006376662618,4.19957781789359e-53,1165670
"LDL -> CAD","LDL","CAD","rs549975194",0.509136044000963,0.0333165876709463,1.01173465019648e-52,1165670
"LDL -> CAD","LDL","CAD","rs550064226",0.51101155231027,0.0332991106780955,3.76117030930066e-53,1165670
"LDL -> CAD","LDL","CAD","rs550371107",0.510393464925763,0.0332892062568797,4.66647119536767e-53,1165670
"LDL -> CAD","LDL","CAD","rs550835657",0.511060480109277,0.0333166581948188,4.16466457609017e-53,1165670
"LDL -> CAD","LDL","CAD","rs551473284",0.51179270437065,0.0332606537935445,1.99074621522014e-53,1165670
"LDL -> CAD","LDL","CAD","rs552201257",0.5104483195142,0.0332876213773654,4.49870047915187e-53,1165670
"LDL -> CAD","LDL","CAD","rs553427",0.511680624220414,0.0334577309897359,8.46863013982988e-53,1165670
"LDL -> CAD","LDL","CAD","rs553887842",0.511491965202981,0.0333007263485452,3.04587528580261e-53,1165670
"LDL -> CAD","LDL","CAD","rs556413734",0.509951595606074,0.0332718855582784,5.06308611110244e-53,1165670
"LDL -> CAD","LDL","CAD","rs55696093",0.512148825234009,0.033381730180312,3.99490923201346e-53,1165670
"LDL -> CAD","LDL","CAD","rs55714927",0.510336124961391,0.0333622704487115,8.03039313393514e-53,1165670
"LDL -> CAD","LDL","CAD","rs557223438",0.510827352814489,0.0333016871720286,4.17137287303707e-53,1165670
"LDL -> CAD","LDL","CAD","rs55732372",0.511027535547807,0.0333011194659556,3.78709533896229e-53,1165670
"LDL -> CAD","LDL","CAD","rs558290612",0.511272933536889,0.033295935895823,3.25814876816166e-53,1165670
"LDL -> CAD","LDL","CAD","rs55921103",0.512605616137539,0.0332043205679316,9.0988717294861e-54,1165670
"LDL -> CAD","LDL","CAD","rs55943924",0.511062117262648,0.0332974149986449,3.63017730047857e-53,1165670
"LDL -> CAD","LDL","CAD","rs560250454",0.510576879074839,0.0333205209882616,5.35197737696877e-53,1165670
"LDL -> CAD","LDL","CAD","rs56118251",0.511138745925531,0.033302386537376,3.62963384443383e-53,1165670
"LDL -> CAD","LDL","CAD","rs561654715",0.511009473624287,0.033319002711372,4.33551603720154e-53,1165670
"LDL -> CAD","LDL","CAD","rs56204478",0.509928600404338,0.0332987943204097,6.19134820123189e-53,1165670
"LDL -> CAD","LDL","CAD","rs56223081",0.510959982102754,0.0333001213429456,3.87975341410483e-53,1165670
"LDL -> CAD","LDL","CAD","rs56225452",0.51182650505101,0.0332819585895862,2.28182734277633e-53,1165670
"LDL -> CAD","LDL","CAD","rs56266464",0.508902631752483,0.0335651318834452,6.34592665026722e-52,1165670
"LDL -> CAD","LDL","CAD","rs56294298",0.510962300462238,0.0333056219603564,4.02991076277176e-53,1165670
"LDL -> CAD","LDL","CAD","rs563014060",0.510781043090253,0.0333010783132491,4.24331943998843e-53,1165670
"LDL -> CAD","LDL","CAD","rs563392384",0.510641775948165,0.0332955358429674,4.35116516288623e-53,1165670
"LDL -> CAD","LDL","CAD","rs564449",0.510977243063165,0.033324436764219,4.57336147835754e-53,1165670
"LDL -> CAD","LDL","CAD","rs567541985",0.51158154302919,0.0332949348645329,2.80405253268237e-53,1165670
"LDL -> CAD","LDL","CAD","rs571370258",0.510129153280612,0.0332838276384907,5.07592394719777e-53,1165670
"LDL -> CAD","LDL","CAD","rs572976497",0.511554030151809,0.0333068209151479,3.09069784933145e-53,1165670
"LDL -> CAD","LDL","CAD","rs5746498",0.510347707686295,0.0332968071078571,5.03008974368013e-53,1165670
"LDL -> CAD","LDL","CAD","rs5752963",0.511115411499185,0.0333062474726406,3.77103804204152e-53,1165670
"LDL -> CAD","LDL","CAD","rs5755688",0.511356003332609,0.0333065674246915,3.38136057779416e-53,1165670
"LDL -> CAD","LDL","CAD","rs58542926",0.513712128628088,0.0336247907541679,1.07543596837888e-52,1165670
"LDL -> CAD","LDL","CAD","rs6022851",0.510407635540834,0.0333015932514332,5.06141086471489e-53,1165670
"LDL -> CAD","LDL","CAD","rs603424",0.509709034956568,0.033264459195251,5.37380422473489e-53,1165670
"LDL -> CAD","LDL","CAD","rs6054",0.510440657434693,0.0333162423268894,5.52951089230326e-53,1165670
"LDL -> CAD","LDL","CAD","rs60847460",0.511327291745307,0.0333056152014819,3.40349039299121e-53,1165670
"LDL -> CAD","LDL","CAD","rs6090040",0.509500717500728,0.0332660236273034,5.98322836927102e-53,1165670
"LDL -> CAD","LDL","CAD","rs6093446",0.508758165553551,0.0332967166188492,1.04693771196237e-52,1165670
"LDL -> CAD","LDL","CAD","rs60988380",0.511680927755416,0.033251193873015,1.95973367404681e-53,1165670
"LDL -> CAD","LDL","CAD","rs61361928",0.510807420992603,0.033306541585026,4.35749978860225e-53,1165670
"LDL -> CAD","LDL","CAD","rs615552",0.516353499179825,0.0310740055882163,5.25862408667327e-62,1165670
"LDL -> CAD","LDL","CAD","rs61730955",0.511144629885659,0.033293513417426,3.39855806820098e-53,1165670
"LDL -> CAD","LDL","CAD","rs61745773",0.510743848881887,0.0333143764918971,4.74372511944354e-53,1165670
"LDL -> CAD","LDL","CAD","rs61754230",0.510928318371108,0.0333110147404613,4.25340154403355e-53,1165670
"LDL -> CAD","LDL","CAD","rs61882680",0.511306709653189,0.0332904644848085,3.08512519867115e-53,1165670
"LDL -> CAD","LDL","CAD","rs61886346",0.511861162068469,0.0332383751144956,1.64418425939157e-53,1165670
"LDL -> CAD","LDL","CAD","rs62070652",0.50985187884037,0.0332714507570031,5.28577276056097e-53,1165670
"LDL -> CAD","LDL","CAD","rs62076528",0.511214621760083,0.033290786741551,3.2269749648439e-53,1165670
"LDL -> CAD","LDL","CAD","rs62119267",0.515495742143359,0.0336308771525219,4.96679608802546e-53,1165670
"LDL -> CAD","LDL","CAD","rs62204032",0.511456568285727,0.0332747790471294,2.5738263575316e-53,1165670
"LDL -> CAD","LDL","CAD","rs62406547",0.511304727547153,0.0333010517954485,3.32946492402456e-53,1165670
"LDL -> CAD","LDL","CAD","rs62419249",0.511104625842537,0.0333085372409862,3.85201630158344e-53,1165670
"LDL -> CAD","LDL","CAD","rs62509311",0.510177981379194,0.033301761834419,5.63477729981756e-53,1165670
"LDL -> CAD","LDL","CAD","rs638769",0.510896137647966,0.0333020569035883,4.05134940071439e-53,1165670
"LDL -> CAD","LDL","CAD","rs6431630",0.511049300885361,0.0333158247053075,4.16157304928083e-53,1165670
"LDL -> CAD","LDL","CAD","rs6441313",0.51137611030472,0.0333036742322632,3.28184102139976e-53,1165670
"LDL -> CAD","LDL","CAD","rs6448432",0.51108696702707,0.0332976756827975,3.59531188310911e-53,1165670
"LDL -> CAD","LDL","CAD","rs6478851",0.510951747869692,0.0333085536169593,4.13474953998176e-53,1165670
"LDL -> CAD","LDL","CAD","rs6602909",0.510164454599507,0.0333260603468159,6.73272498836056e-53,1165670
"LDL -> CAD","LDL","CAD","rs6665535",0.510840412752868,0.033302650362417,4.17468282565951e-53,1165670
"LDL -> CAD","LDL","CAD","rs6670347",0.508575270810928,0.033468974534194,3.79199970126656e-52,1165670
"LDL -> CAD","LDL","CAD","rs6682862",0.511260075737195,0.0332986094448507,3.34050908931934e-53,1165670
"LDL -> CAD","LDL","CAD","rs6684364",0.511173567290128,0.0332956164686147,3.40383405862524e-53,1165670
"LDL -> CAD","LDL","CAD","rs6689",0.513401987270273,0.0333455185133469,1.72954512163956e-53,1165670
"LDL -> CAD","LDL","CAD","rs67269656",0.510949766382531,0.0333039020534347,4.00416961956388e-53,1165670
"LDL -> CAD","LDL","CAD","rs67890964",0.511434342746303,0.0333189733065741,3.56141276563175e-53,1165670
"LDL -> CAD","LDL","CAD","rs6792725",0.51089630351421,0.0333143174200361,4.41911297925646e-53,1165670
"LDL -> CAD","LDL","CAD","rs686958",0.510184971925525,0.0332755841576546,4.66568877149193e-53,1165670
"LDL -> CAD","LDL","CAD","rs6869845",0.514048418344557,0.0331330553013828,2.76050384363542e-54,1165670
"LDL -> CAD","LDL","CAD","rs693668",0.508319314013265,0.0335753116064769,8.86503759788465e-52,1165670
"LDL -> CAD","LDL","CAD","rs6967728",0.511188327032817,0.0333131992192765,3.83040131733549e-53,1165670
"LDL -> CAD","LDL","CAD","rs7025486",0.509478420645959,0.0331629469812239,2.90376784869627e-53,1165670
"LDL -> CAD","LDL","CAD","rs704",0.510888300697262,0.0333316353041049,5.01438106182533e-53,1165670
"LDL -> CAD","LDL","CAD","rs7108486",0.510425103699913,0.0332977950325026,4.88739380164789e-53,1165670
"LDL -> CAD","LDL","CAD","rs71311871",0.510745853927527,0.0333389317452335,5.63884783632428e-53,1165670
"LDL -> CAD","LDL","CAD","rs71563313",0.511411300602514,0.0332791947810417,2.71248071497478e-53,1165670
"LDL -> CAD","LDL","CAD","rs7157399",0.510953237024739,0.033326227291527,4.68340007987574e-53,1165670
"LDL -> CAD","LDL","CAD","rs7202323",0.513231171671017,0.0332523245852492,9.60230010536254e-54,1165670
"LDL -> CAD","LDL","CAD","rs721412",0.510950515366909,0.0333025391370278,3.96424731543337e-53,1165670
"LDL -> CAD","LDL","CAD","rs7250652",0.510056096572556,0.0333495859746118,8.35485025779594e-53,1165670
"LDL -> CAD","LDL","CAD","rs72631343",0.511733379379978,0.0333838808774443,4.9130225252568e-53,1165670
"LDL -> CAD","LDL","CAD","rs72646585",0.511355122185228,0.033333373088768,4.09170419197359e-53,1165670
"LDL -> CAD","LDL","CAD","rs72654409",0.510983083886565,0.0332888712232264,3.54365112957953e-53,1165670
"LDL -> CAD","LDL","CAD","rs72654472",0.51210736571686,0.0332973858463667,2.23613435390274e-53,1165670
"LDL -> CAD","LDL","CAD","rs72663045",0.510821741638613,0.0333082441501851,4.38132102115925e-53,1165670
"LDL -> CAD","LDL","CAD","rs72701087",0.510799699689448,0.033333399884264,5.28940479815323e-53,1165670
"LDL -> CAD","LDL","CAD","rs72701754",0.510933006501251,0.033303334589784,4.01911621171472e-53,1165670
"LDL -> CAD","LDL","CAD","rs72768400",0.51077071702947,0.0333052377506485,4.39129588679957e-53,1165670
"LDL -> CAD","LDL","CAD","rs72772042",0.511177456958051,0.0332976925261631,3.44822154102903e-53,1165670
"LDL -> CAD","LDL","CAD","rs72836561",0.512312072014745,0.0331810054676714,8.82095246082025e-54,1165670
"LDL -> CAD","LDL","CAD","rs72842819",0.511167529232986,0.0332970150808492,3.44746769146822e-53,1165670
"LDL -> CAD","LDL","CAD","rs72971192",0.511013436298843,0.0333052178429759,3.92442774050284e-53,1165670
"LDL -> CAD","LDL","CAD","rs7300192",0.51100920357151,0.0333121477232159,4.13031163940147e-53,1165670
"LDL -> CAD","LDL","CAD","rs73022099",0.511427528742326,0.0332600123643932,2.34789462313874e-53,1165670
"LDL -> CAD","LDL","CAD","rs73075609",0.510748857934534,0.0333155433623312,4.7720446139411e-53,1165670
"LDL -> CAD","LDL","CAD","rs73147887",0.511504813814157,0.0332984069201453,2.97824167926569e-53,1165670
"LDL -> CAD","LDL","CAD","rs7327867",0.51082305442195,0.0333363085786162,5.34146600498899e-53,1165670
"LDL -> CAD","LDL","CAD","rs7330899",0.511273742395169,0.0333046239765426,3.46441925604622e-53,1165670
"LDL -> CAD","LDL","CAD","rs7404072",0.511717222766275,0.0332558538032072,1.99224759557621e-53,1165670
"LDL -> CAD","LDL","CAD","rs74090765",0.510500193253039,0.0333018548718783,4.8584355728126e-53,1165670
"LDL -> CAD","LDL","CAD","rs74341202",0.511287445795735,0.0333234770510907,3.93559915247213e-53,1165670
"LDL -> CAD","LDL","CAD","rs74531909",0.510471056468293,0.0333232909191596,5.7311852624736e-53,1165670
"LDL -> CAD","LDL","CAD","rs7512010",0.510647195195854,0.0333154325908578,4.99763499232843e-53,1165670
"LDL -> CAD","LDL","CAD","rs7534572",0.515342396717066,0.033404320746225,1.07069851220903e-53,1165670
"LDL -> CAD","LDL","CAD","rs75588192",0.510162908012938,0.0332774811095783,4.77741443189838e-53,1165670
"LDL -> CAD","LDL","CAD","rs75667995",0.510230833951711,0.0333014248114257,5.48575118547824e-53,1165670
"LDL -> CAD","LDL","CAD","rs7637250",0.511115765422447,0.0332984732728722,3.56786323726303e-53,1165670
"LDL -> CAD","LDL","CAD","rs76643124",0.510772354959479,0.0333032021504829,4.32507718637394e-53,1165670
"LDL -> CAD","LDL","CAD","rs769452",0.510829239466529,0.0333307825870069,5.12201429783226e-53,1165670
"LDL -> CAD","LDL","CAD","rs76989105",0.512121695376246,0.0332687191284651,1.81000591467954e-53,1165670
"LDL -> CAD","LDL","CAD","rs77542162",0.515608142791474,0.0334677935960075,1.48935262482035e-53,1165670
"LDL -> CAD","LDL","CAD","rs77619489",0.511172982158216,0.0332898544116076,3.26807563198489e-53,1165670
"LDL -> CAD","LDL","CAD","rs77631946",0.510067259536033,0.033273243099105,4.84570730045437e-53,1165670
"LDL -> CAD","LDL","CAD","rs7775698",0.509850243147333,0.0333126207115397,7.07829462586309e-53,1165670
"LDL -> CAD","LDL","CAD","rs77960347",0.513161832481489,0.0331914576746178,6.39403109399579e-54,1165670
"LDL -> CAD","LDL","CAD","rs78058190",0.509743064390317,0.0332155678356411,3.73756586386416e-53,1165670
"LDL -> CAD","LDL","CAD","rs7808613",0.510559895360679,0.0333007235321402,4.68842955855562e-53,1165670
"LDL -> CAD","LDL","CAD","rs78186330",0.510057695689034,0.0332928232086588,5.59158226651025e-53,1165670
"LDL -> CAD","LDL","CAD","rs78408557",0.51069481726493,0.0333011417829304,4.41794713472583e-53,1165670
"LDL -> CAD","LDL","CAD","rs78531123",0.510818369800042,0.0333028028686041,4.22202968747267e-53,1165670
"LDL -> CAD","LDL","CAD","rs78643851",0.511416366335776,0.033278351519971,2.68990318417395e-53,1165670
"LDL -> CAD","LDL","CAD","rs7864568",0.510622144469551,0.0333137896456589,4.99733075741811e-53,1165670
"LDL -> CAD","LDL","CAD","rs7904973",0.511461546574502,0.033335730758801,3.9609827876915e-53,1165670
"LDL -> CAD","LDL","CAD","rs7908745",0.511109813073225,0.0332980427088471,3.56677894449762e-53,1165670
"LDL -> CAD","LDL","CAD","rs79391862",0.509993108853003,0.0333151283089429,6.74514831192556e-53,1165670
"LDL -> CAD","LDL","CAD","rs79429216",0.511335182139107,0.0333279661785239,3.97425225163306e-53,1165670
"LDL -> CAD","LDL","CAD","rs79574744",0.510805822595919,0.0332983250112094,4.11379757935702e-53,1165670
"LDL -> CAD","LDL","CAD","rs79623641",0.510711493025021,0.033302400617677,4.42332211629608e-53,1165670
"LDL -> CAD","LDL","CAD","rs79701229",0.510141087734748,0.0333960758176076,1.1140472485487e-52,1165670
"LDL -> CAD","LDL","CAD","rs79754943",0.509310976365449,0.0332531585021509,5.96305868279766e-53,1165670
"LDL -> CAD","LDL","CAD","rs799157",0.510540386932009,0.0333027992008229,4.80101936745498e-53,1165670
"LDL -> CAD","LDL","CAD","rs7997102",0.510437500461239,0.0332878628688835,4.52902428665766e-53,1165670
"LDL -> CAD","LDL","CAD","rs8038512",0.510801900824191,0.0333035143707587,4.2758389326464e-53,1165670
"LDL -> CAD","LDL","CAD","rs8139142",0.510494367506483,0.0332969677472677,4.70568510021265e-53,1165670
"LDL -> CAD","LDL","CAD","rs896311",0.51110048292995,0.0333186547088051,4.14664803358689e-53,1165670
"LDL -> CAD","LDL","CAD","rs9297994",0.514342631811962,0.0333545177841359,1.1921734720724e-53,1165670
"LDL -> CAD","LDL","CAD","rs9399137",0.509244148471318,0.03331362443956,9.42701413000268e-53,1165670
"LDL -> CAD","LDL","CAD","rs9410207",0.510735957622514,0.0333052312382371,4.46223958626224e-53,1165670
"LDL -> CAD","LDL","CAD","rs9496567",0.511519346327153,0.0333159372552896,3.35100260340455e-53,1165670
"LDL -> CAD","LDL","CAD","rs9535755",0.510296828712123,0.0332827228488263,4.66049950859148e-53,1165670
"LDL -> CAD","LDL","CAD","rs9543956",0.510884611918729,0.0333019470180528,4.06983336212925e-53,1165670
"LDL -> CAD","LDL","CAD","rs954680",0.511183538201584,0.0333042686095728,3.60301396125216e-53,1165670
"LDL -> CAD","LDL","CAD","rs9592980",0.511308878310583,0.0332930655364621,3.13959597195562e-53,1165670
"LDL -> CAD","LDL","CAD","rs9615108",0.510672707452126,0.0333033526374359,4.53387218994912e-53,1165670
"LDL -> CAD","LDL","CAD","rs964184",0.505767435419241,0.0333645545241737,6.62440825484073e-52,1165670
"LDL -> CAD","LDL","CAD","rs9653945",0.510733691322114,0.0333102274093713,4.62796050604771e-53,1165670
"LDL -> CAD","LDL","CAD","rs969075",0.510843306838014,0.0333150547467943,4.55243608402338e-53,1165670
"LDL -> CAD","LDL","CAD","rs9837149",0.510879490358004,0.0333146359576353,4.4636603777383e-53,1165670
"LDL -> CAD","LDL","CAD","rs9837622",0.510686298396321,0.0333323376499726,5.53195325510958e-53,1165670
"LDL -> CAD","LDL","CAD","rs9894946",0.511063265173115,0.0333087391718977,3.93205981243512e-53,1165670
"LDL -> CAD","LDL","CAD","rs9909417",0.51086567947978,0.0333030990179207,4.13933280273799e-53,1165670
"LDL -> CAD","LDL","CAD","rs9987289",0.513458674696218,0.0333853444300537,2.23766281590712e-53,1165670
"LDL -> CAD","LDL","CAD","All",0.510856329399863,0.0332615007626198,3.09304327312795e-53,1165670
"BMI -> T2D","BMI","T2D","rs10132280",0.987012827365761,0.0633762270593109,1.09580255014092e-54,588786
"BMI -> T2D","BMI","T2D","rs10169594",0.98947363995584,0.0633013880279039,4.46651894732971e-55,588786
"BMI -> T2D","BMI","T2D","rs10182181",0.99923384285654,0.0635403710600362,1.00404509203141e-55,588786
"BMI -> T2D","BMI","T2D","rs10192119",0.99104393015052,0.0633151429256436,3.19131112335064e-55,588786
"BMI -> T2D","BMI","T2D","rs10197031",0.98968457286294,0.0633298830924631,4.73372090429555e-55,588786
"BMI -> T2D","BMI","T2D","rs10247983",0.990008207027927,0.0632965709709714,3.83951217682638e-55,588786
"BMI -> T2D","BMI","T2D","rs10248136",0.989446172989861,0.0632808796418142,4.15330646600378e-55,588786
"BMI -> T2D","BMI","T2D","rs10269783",0.990350197309179,0.0633250305754456,3.9389813833566e-55,588786
"BMI -> T2D","BMI","T2D","rs10478110",0.988840921903017,0.0632562933016958,4.38725549680528e-55,588786
"BMI -> T2D","BMI","T2D","rs1048932",0.989854855459668,0.0633537229079176,4.97688285584477e-55,588786
"BMI -> T2D","BMI","T2D","rs10492229",0.989882483044407,0.0633162811196452,4.27578460154456e-55,588786
"BMI -> T2D","BMI","T2D","rs10510419",0.994150076356878,0.0631831735429138,8.78693426019858e-56,588786
"BMI -> T2D","BMI","T2D","rs10518694",0.987509309143945,0.0631706025348773,4.37861913866209e-55,588786
"BMI -> T2D","BMI","T2D","rs1064213",0.989363158705523,0.0632967516791514,4.50881243863657e-55,588786
"BMI -> T2D","BMI","T2D","rs10733051",0.99016273579527,0.063297982505379,3.71538394756409e-55,588786
"BMI -> T2D","BMI","T2D","rs10741329",0.990836127256182,0.0632914929980032,3.0651857918399e-55,588786
"BMI -> T2D","BMI","T2D","rs10742752",0.990140369732572,0.063318281731513,4.04217134380275e-55,588786
"BMI -> T2D","BMI","T2D","rs10747488",0.988815554173609,0.0632610392406427,4.4969705403031e-55,588786
"BMI -> T2D","BMI","T2D","rs1075901",0.991494489062096,0.0633027825033122,2.71961195932289e-55,588786
"BMI -> T2D","BMI","T2D","rs10768994",0.989834418101483,0.0633075579562867,4.18316946827992e-55,588786
"BMI -> T2D","BMI","T2D","rs10795422",0.988854029902862,0.0632922055528973,5.02605018005682e-55,588786
"BMI -> T2D","BMI","T2D","rs10811871",0.989921927267163,0.0632952978662102,3.90325649749115e-55,588786
"BMI -> T2D","BMI","T2D","rs10824345",0.988797684757526,0.0632608547795424,4.51372067310581e-55,588786
"BMI -> T2D","BMI","T2D","rs10827649",0.990529171388705,0.063294357644586,3.34497492791007e-55,588786
"BMI -> T2D","BMI","T2D","rs10832778",1.00038327616292,0.0622865707397614,4.78935502922598e-58,588786
"BMI -> T2D","BMI","T2D","rs10842166",0.991566506556995,0.0632601017101358,2.26219023935502e-55,588786
"BMI -> T2D","BMI","T2D","rs10842240",0.990411074352307,0.0633252368969058,3.88307103114628e-55,588786
"BMI -> T2D","BMI","T2D","rs10867256",0.988237191212839,0.0632515858750065,5.00392557073416e-55,588786
"BMI -> T2D","BMI","T2D","rs10878946",0.989278381181618,0.0633023066452931,4.70475958537384e-55,588786
"BMI -> T2D","BMI","T2D","rs10915840",0.990639753956224,0.0632968898615725,3.28657071288906e-55,588786
"BMI -> T2D","BMI","T2D","rs10920678",0.991343547958391,0.0633448863052021,3.32542954281179e-55,588786
"BMI -> T2D","BMI","T2D","rs10938397",0.991319617511002,0.0636378233190157,1.03488819383054e-54,588786
"BMI -> T2D","BMI","T2D","rs10942267",0.991633195806276,0.0633124495861608,2.72820873672017e-55,588786
"BMI -> T2D","BMI","T2D","rs10953740",0.99001809104543,0.0633361770085221,4.46578936891935e-55,588786
"BMI -> T2D","BMI","T2D","rs10962550",0.989690377987865,0.0633221324224818,4.58714263236712e-55,588786
"BMI -> T2D","BMI","T2D","rs10968114",0.990663287583254,0.0633007458902987,3.31674492413824e-55,588786
"BMI -> T2D","BMI","T2D","rs10971709",0.988855949494923,0.0632710376045428,4.62810510485263e-55,588786
"BMI -> T2D","BMI","T2D","rs10975933",0.991713159472213,0.0632781364556687,2.34002872192229e-55,588786
"BMI -> T2D","BMI","T2D","rs10984756",0.990360747340688,0.0632982814027051,3.54133810686958e-55,588786
"BMI -> T2D","BMI","T2D","rs11030618",0.991791770006784,0.0632674975168514,2.20148952194187e-55,588786
"BMI -> T2D","BMI","T2D","rs11066188",0.99427822701054,0.0631404616046292,7.19207642625061e-56,588786
"BMI -> T2D","BMI","T2D","rs11084553",0.98834339822135,0.0633028878157262,5.9445557500114e-55,588786
"BMI -> T2D","BMI","T2D","rs11105839",0.989496244457513,0.0632951912835398,4.3361406945732e-55,588786
"BMI -> T2D","BMI","T2D","rs11115176",0.989033483423469,0.0632811270242397,4.60538242883205e-55,588786
"BMI -> T2D","BMI","T2D","rs11118308",0.995566857981195,0.0629070807675806,2.05932916458554e-56,588786
"BMI -> T2D","BMI","T2D","rs11129661",0.988710379174355,0.063252214796555,4.46056764345918e-55,588786
"BMI -> T2D","BMI","T2D","rs11150911",0.988776321646851,0.063292239388932,5.12445844940986e-55,588786
"BMI -> T2D","BMI","T2D","rs11165643",0.989484586868964,0.0634125313030557,6.8449581953459e-55,588786
"BMI -> T2D","BMI","T2D","rs11170468",0.99037391289281,0.0633025423009972,3.58866781643154e-55,588786
"BMI -> T2D","BMI","T2D","rs11173522",0.988451240898239,0.0632425861312579,4.58244630240915e-55,588786
"BMI -> T2D","BMI","T2D","rs11185111",0.991013254204241,0.0632999402776629,3.03121191346969e-55,588786
"BMI -> T2D","BMI","T2D","rs11251352",0.989502217837123,0.0632904371033248,4.25064184510285e-55,588786
"BMI -> T2D","BMI","T2D","rs11496125",0.986800029359456,0.0632739366557224,7.78903641083794e-55,588786
"BMI -> T2D","BMI","T2D","rs1150659",0.992146909836479,0.063275732257299,2.0811052458809e-55,588786
"BMI -> T2D","BMI","T2D","rs11538",0.990514515508468,0.0632956316580916,3.37382399443599e-55,588786
"BMI -> T2D","BMI","T2D","rs11577094",0.991546746510031,0.0632771939550273,2.429948789166e-55,588786
"BMI -> T2D","BMI","T2D","rs1158805",0.990004923260198,0.0633172052582179,4.16282150947878e-55,588786
"BMI -> T2D","BMI","T2D","rs11609659",0.989982203189314,0.0633147779678447,4.14712865361405e-55,588786
"BMI -> T2D","BMI","T2D","rs11614340",0.988985478051213,0.0632916918866537,4.85526116892359e-55,588786
"BMI -> T2D","BMI","T2D","rs11615578",0.992662870118563,0.0632211634490735,1.47863558593246e-55,588786
"BMI -> T2D","BMI","T2D","rs11656076",0.990086428950927,0.0633074935278343,3.92873964199711e-55,588786
"BMI -> T2D","BMI","T2D","rs11713193",0.987711093458926,0.0634117624779942,1.05735004738367e-54,588786
"BMI -> T2D","BMI","T2D","rs11736228",0.990159321126762,0.0633088308781514,3.87841391272286e-55,588786
"BMI -> T2D","BMI","T2D","rs11738695",0.990714842914167,0.0632891150534528,3.12984596264578e-55,588786
"BMI -> T2D","BMI","T2D","rs11739877",0.988535733292717,0.063260758061789,4.81494266856351e-55,588786
"BMI -> T2D","BMI","T2D","rs11773362",0.989968090317364,0.0632960347502005,3.8698571378197e-55,588786
"BMI -> T2D","BMI","T2D","rs11781699",0.989585079439318,0.0632958225107349,4.2520499617895e-55,588786
"BMI -> T2D","BMI","T2D","rs1187352",0.992192329131859,0.0632569523121695,1.91228047975307e-55,588786
"BMI -> T2D","BMI","T2D","rs11889536",0.989325232846613,0.0633094546846609,4.78099635759359e-55,588786
"BMI -> T2D","BMI","T2D","rs11904898",0.989709497116065,0.0632901150173061,4.03257138546971e-55,588786
"BMI -> T2D","BMI","T2D","rs11945861",0.991090017278867,0.063304706459896,3.02959819982909e-55,588786
"BMI -> T2D","BMI","T2D","rs11951673",0.991193792083463,0.0633078380890578,2.98869304497185e-55,588786
"BMI -> T2D","BMI","T2D","rs12033257",0.988121586499055,0.0632811098080642,5.77299506859377e-55,588786
"BMI -> T2D","BMI","T2D","rs12041258",0.989452339593297,0.0633010978218713,4.48512217203538e-55,588786
"BMI -> T2D","BMI","T2D","rs12044597",0.993277202820454,0.0632701138628506,1.53656979963677e-55,588786
"BMI -> T2D","BMI","T2D","rs12049202",0.992798283886822,0.0633505877713549,2.36947906869293e-55,588786
"BMI -> T2D","BMI","T2D","rs12150665",0.990304089624853,0.0633571781221124,4.51279886337433e-55,588786
"BMI -> T2D","BMI","T2D","rs1218822",0.98803835943225,0.0633265316026488,7.0238693416575e-55,588786
"BMI -> T2D","BMI","T2D","rs12299814",0.990324383392645,0.0633202435000916,3.89135578921875e-55,588786
"BMI -> T2D","BMI","T2D","rs12328930",0.990662804586575,0.0632897487220599,3.17837375852605e-55,588786
"BMI -> T2D","BMI","T2D","rs12334877",0.989291423490083,0.0632902578397809,4.47565353210066e-55,588786
"BMI -> T2D","BMI","T2D","rs12364470",0.988854892582575,0.0633116544071086,5.41784952335674e-55,588786
"BMI -> T2D","BMI","T2D","rs12369179",0.997320081031872,0.0631927985762311,4.12689189404167e-56,588786
"BMI -> T2D","BMI","T2D","rs1241986",0.989627909021071,0.0632861067703377,4.05153299802424e-55,588786
"BMI -> T2D","BMI","T2D","rs12429545",0.986501372535606,0.0633820343875885,1.27117500123673e-54,588786
"BMI -> T2D","BMI","T2D","rs12448257",0.988241192369664,0.0633164995077628,6.42621498444233e-55,588786
"BMI -> T2D","BMI","T2D","rs12495178",0.989575206698085,0.0633754691580899,5.80131571268758e-55,588786
"BMI -> T2D","BMI","T2D","rs12527426",0.988339096137206,0.0632659331916436,5.15793079820327e-55,588786
"BMI -> T2D","BMI","T2D","rs12564992",0.990667054999716,0.0633185272340635,3.55053782830559e-55,588786
"BMI -> T2D","BMI","T2D","rs12593036",0.988757937581828,0.0633034346548653,5.37583055293618e-55,588786
"BMI -> T2D","BMI","T2D","rs12602912",0.987520796445905,0.0632814303449865,6.70755477635185e-55,588786
"BMI -> T2D","BMI","T2D","rs1260326",0.98373917466989,0.0626862364997453,1.68709402209297e-55,588786
"BMI -> T2D","BMI","T2D","rs12629015",0.990596380625313,0.0632955922578786,3.30544408771695e-55,588786
"BMI -> T2D","BMI","T2D","rs12652212",0.990155570928934,0.0633174456481461,4.01392830870644e-55,588786
"BMI -> T2D","BMI","T2D","rs1266874",0.990466189736988,0.0633187997035647,3.73588772624569e-55,588786
"BMI -> T2D","BMI","T2D","rs12675063",0.990364366564412,0.0632992826813341,3.55194142674804e-55,588786
"BMI -> T2D","BMI","T2D","rs1268065",0.990502360383373,0.0632982602087757,3.41874793667062e-55,588786
"BMI -> T2D","BMI","T2D","rs12680842",0.993163926144741,0.0632412653982296,1.41183859664598e-55,588786
"BMI -> T2D","BMI","T2D","rs12718572",0.988808354123664,0.0632746857900996,4.74974265097835e-55,588786
"BMI -> T2D","BMI","T2D","rs12762034",0.991283954561936,0.0633046984097952,2.88705612344634e-55,588786
"BMI -> T2D","BMI","T2D","rs12779328",0.992043974836105,0.0632332983097691,1.80911204458926e-55,588786
"BMI -> T2D","BMI","T2D","rs12881629",0.988436639295122,0.0632555471433405,4.83608750522771e-55,588786
"BMI -> T2D","BMI","T2D","rs12888545",0.990145865475619,0.0633058934662142,3.84728516308735e-55,588786
"BMI -> T2D","BMI","T2D","rs12905439",0.991658698413171,0.0632773794026957,2.3649471393273e-55,588786
"BMI -> T2D","BMI","T2D","rs12922346",0.99222310466127,0.0632624712596216,1.93902300321422e-55,588786
"BMI -> T2D","BMI","T2D","rs12933482",0.990474091153391,0.0633034463090965,3.51286133383744e-55,588786
"BMI -> T2D","BMI","T2D","rs12939549",0.990322380367826,0.0633823321601277,4.95166150234295e-55,588786
"BMI -> T2D","BMI","T2D","rs1296328",0.986263853098199,0.0632702845427674,8.76962861290437e-55,588786
"BMI -> T2D","BMI","T2D","rs12964689",0.987676348346115,0.0633632336746684,8.84884607382093e-55,588786
"BMI -> T2D","BMI","T2D","rs13021737",0.990237888759879,0.0639359040548069,4.18237317982104e-54,588786
"BMI -> T2D","BMI","T2D","rs1304070",0.989288740626325,0.0632838804360151,4.36926355555121e-55,588786
"BMI -> T2D","BMI","T2D","rs13047416",0.992377154554291,0.0633005417481177,2.16491349147003e-55,588786
"BMI -> T2D","BMI","T2D","rs13069244",0.988559960154793,0.063251532909852,4.61795761244595e-55,588786
"BMI -> T2D","BMI","T2D","rs13110266",0.989086569784636,0.0632961828257058,4.81819471506833e-55,588786
"BMI -> T2D","BMI","T2D","rs13147390",0.99020247259707,0.0632943622309188,3.62758586833761e-55,588786
"BMI -> T2D","BMI","T2D","rs13174863",0.991556677414187,0.0633181256955145,2.84262006786762e-55,588786
"BMI -> T2D","BMI","T2D","rs13184896",0.991337208763914,0.0633173810510419,2.99314466307415e-55,588786
"BMI -> T2D","BMI","T2D","rs13191362",0.989819952215675,0.0633465196760915,4.88209788072683e-55,588786
"BMI -> T2D","BMI","T2D","rs1320903",0.986679320491068,0.0633324969189631,1.0056761467011e-54,588786
"BMI -> T2D","BMI","T2D","rs13240600",0.991005416293639,0.0633261004182245,3.36204579674025e-55,588786
"BMI -> T2D","BMI","T2D","rs13250058",0.990460428018881,0.0633025591301362,3.51267123204673e-55,588786
"BMI -> T2D","BMI","T2D","rs13263601",0.988562755100758,0.0633062369317059,5.70362307872501e-55,588786
"BMI -> T2D","BMI","T2D","rs1327259",0.989158186124472,0.063323085919352,5.25301808549852e-55,588786
"BMI -> T2D","BMI","T2D","rs13287131",0.989967755846462,0.0632976045455417,3.89382393913222e-55,588786
"BMI -> T2D","BMI","T2D","rs13288178",0.988760037059789,0.0632977883074586,5.25689804168705e-55,588786
"BMI -> T2D","BMI","T2D","rs1330052",0.990668684588648,0.0633114209373488,3.4525245719764e-55,588786
"BMI -> T2D","BMI","T2D","rs13329567",0.99046677464815,0.0634842696055181,7.08070110049402e-55,588786
"BMI -> T2D","BMI","T2D","rs1365466",0.989061466698987,0.0633010705254674,4.94091647613965e-55,588786
"BMI -> T2D","BMI","T2D","rs1371108",0.990778692602083,0.0632985688159871,3.19591823816705e-55,588786
"BMI -> T2D","BMI","T2D","rs1399471",0.990022937807307,0.063302997599254,3.92209671322326e-55,588786
"BMI -> T2D","BMI","T2D","rs1409818",0.989713475944303,0.0633050796799656,4.26930564040432e-55,588786
"BMI -> T2D","BMI","T2D","rs1412235",0.988878883374128,0.0634572900063436,9.44311456857066e-55,588786
"BMI -> T2D","BMI","T2D","rs1421334",0.987431163576276,0.0632171545062199,5.34807586295948e-55,588786
"BMI -> T2D","BMI","T2D","rs1431659",0.991783240359699,0.0633450822407551,2.98400431647379e-55,588786
"BMI -> T2D","BMI","T2D","rs1436344",0.99066047168178,0.063321485393315,3.59740969551111e-55,588786
"BMI -> T2D","BMI","T2D","rs1445652",0.991570387077678,0.0632605661073703,2.26410373149863e-55,588786
"BMI -> T2D","BMI","T2D","rs1452075",0.987810445094414,0.0632627404203609,5.80787620815388e-55,588786
"BMI -> T2D","BMI","T2D","rs1465900",0.987888614943164,0.0632168641817997,4.76881692475673e-55,588786
"BMI -> T2D","BMI","T2D","rs1477199",0.990230499702777,0.063354903930458,4.55552707739472e-55,588786
"BMI -> T2D","BMI","T2D","rs1477887",0.990529903759698,0.0633211558769772,3.7110829738766e-55,588786
"BMI -> T2D","BMI","T2D","rs1492767",0.990308088089035,0.063296171197261,3.5586447550228e-55,588786
"BMI -> T2D","BMI","T2D","rs1503526",0.989575493822638,0.0633202651438299,4.6856080231126e-55,588786
"BMI -> T2D","BMI","T2D","rs1522569",0.990667798691948,0.0633113080656817,3.45177047750597e-55,588786
"BMI -> T2D","BMI","T2D","rs1528435",0.987579837507746,0.0633101992427056,7.38694181207332e-55,588786
"BMI -> T2D","BMI","T2D","rs1535660",0.990114968880785,0.063296569283503,3.7391158526633e-55,588786
"BMI -> T2D","BMI","T2D","rs156201",0.990774030763939,0.0632949056423407,3.1543893225375e-55,588786
"BMI -> T2D","BMI","T2D","rs1579557",0.987399969089561,0.0633483537833714,8.94653242944992e-55,588786
"BMI -> T2D","BMI","T2D","rs1583123",0.989459474350822,0.0632862555930713,4.22684698040809e-55,588786
"BMI -> T2D","BMI","T2D","rs1624134",0.990190091132214,0.0632946520960377,3.64284670016841e-55,588786
"BMI -> T2D","BMI","T2D","rs1656377",0.99019238221652,0.0632934405058312,3.6236902553458e-55,588786
"BMI -> T2D","BMI","T2D","rs16822990",0.989510502918473,0.0632847380470485,4.14918645213558e-55,588786
"BMI -> T2D","BMI","T2D","rs16851483",0.990264184693144,0.0633685447153214,4.76260855491563e-55,588786
"BMI -> T2D","BMI","T2D","rs16871902",0.990441123699345,0.0633122845631795,3.66534021298752e-55,588786
"BMI -> T2D","BMI","T2D","rs16889835",0.989754575564011,0.0632906120710268,3.99542232257062e-55,588786
"BMI -> T2D","BMI","T2D","rs16903285",0.988672851253035,0.0634148356476237,8.43894522816156e-55,588786
"BMI -> T2D","BMI","T2D","rs16953563",0.993631224252399,0.0631658893253463,9.34653288716962e-56,588786
"BMI -> T2D","BMI","T2D","rs17001561",0.990478040843625,0.0633057909445494,3.54151412696709e-55,588786
"BMI -> T2D","BMI","T2D","rs17014375",0.989832025002735,0.0633042781942154,4.13275993896127e-55,588786
"BMI -> T2D","BMI","T2D","rs17056301",0.991670833035746,0.0632649002186212,2.24586636215389e-55,588786
"BMI -> T2D","BMI","T2D","rs17066856",0.990977179712934,0.0634340598680545,5.14314170414648e-55,588786
"BMI -> T2D","BMI","T2D","rs17113297",0.989232924792039,0.0633140370525759,4.97918773651778e-55,588786
"BMI -> T2D","BMI","T2D","rs17119937",0.991407655495028,0.0632832359122915,2.57534037821439e-55,588786
"BMI -> T2D","BMI","T2D","rs17203016",0.992880566153312,0.0632447827857096,1.53617319422539e-55,588786
"BMI -> T2D","BMI","T2D","rs17238110",0.989683502695782,0.0633104273608349,4.39123676644689e-55,588786
"BMI -> T2D","BMI","T2D","rs17311369",0.989934902099059,0.0632897457662369,3.8077786938938e-55,588786
"BMI -> T2D","BMI","T2D","rs17327461",0.989990324482769,0.0633200704592155,4.22457783097572e-55,588786
"BMI -> T2D","BMI","T2D","rs17405819",0.991038332217881,0.0634021866809181,4.47859426407772e-55,588786
"BMI -> T2D","BMI","T2D","rs17424296",0.992417581324575,0.0632222603811478,1.5786486427825e-55,588786
"BMI -> T2D","BMI","T2D","rs17425707",0.98898457243622,0.0632690471755447,4.44832178261943e-55,588786
"BMI -> T2D","BMI","T2D","rs17446257",0.990199530817285,0.0632961220289157,3.65512211034161e-55,588786
"BMI -> T2D","BMI","T2D","rs17499593",0.990116216366128,0.0632954533532185,3.72180270119377e-55,588786
"BMI -> T2D","BMI","T2D","rs17513613",0.988720968435731,0.0633622641241922,6.80993252475978e-55,588786
"BMI -> T2D","BMI","T2D","rs17535082",0.990662523736301,0.0632923724406343,3.2111751986048e-55,588786
"BMI -> T2D","BMI","T2D","rs17535749",0.989852642439298,0.0632893257565167,3.87996909979548e-55,588786
"BMI -> T2D","BMI","T2D","rs17551974",0.991220412873022,0.0632892124784923,2.76151186205868e-55,588786
"BMI -> T2D","BMI","T2D","rs1759975",0.990994792069888,0.0632833415593428,2.85477157715606e-55,588786
"BMI -> T2D","BMI","T2D","rs17663412",0.990229950280672,0.0632951816796699,3.61441398345666e-55,588786
"BMI -> T2D","BMI","T2D","rs17710386",0.987788364228813,0.0632502526567459,5.56419439281826e-55,588786
"BMI -> T2D","BMI","T2D","rs17767510",0.989553362157492,0.0632842835563948,4.09807242769983e-55,588786
"BMI -> T2D","BMI","T2D","rs17789218",0.991444355832282,0.0632949247551974,2.67076767979906e-55,588786
"BMI -> T2D","BMI","T2D","rs17806379",0.9888605372817,0.0633733805833724,6.86723807666179e-55,588786
"BMI -> T2D","BMI","T2D","rs1784460",0.990545749302373,0.0633161138517152,3.62489996688829e-55,588786
"BMI -> T2D","BMI","T2D","rs1804528",0.990382946149537,0.0632972335281475,3.5075792297737e-55,588786
"BMI -> T2D","BMI","T2D","rs1814170",0.993024776312363,0.0632244699065238,1.36863481448929e-55,588786
"BMI -> T2D","BMI","T2D","rs1830074",0.990146510416593,0.063297395977155,3.7218894827383e-55,588786
"BMI -> T2D","BMI","T2D","rs1863652",0.989854606385866,0.0633003120961397,4.04694957922336e-55,588786
"BMI -> T2D","BMI","T2D","rs1884389",0.990256844441516,0.0632960604809335,3.60264173203995e-55,588786
"BMI -> T2D","BMI","T2D","rs1884897",0.993782349012609,0.0633434865021177,1.80476596735776e-55,588786
"BMI -> T2D","BMI","T2D","rs1885728",0.991403719230576,0.063272665399244,2.47388326194758e-55,588786
"BMI -> T2D","BMI","T2D","rs1891216",0.991504692096942,0.0632729224592115,2.41496229875512e-55,588786
"BMI -> T2D","BMI","T2D","rs1896767",0.990034682914371,0.0632989108959087,3.84916650090488e-55,588786
"BMI -> T2D","BMI","T2D","rs1927790",0.99043866391121,0.063341592186774,4.10907002619161e-55,588786
"BMI -> T2D","BMI","T2D","rs1928295",0.988222981421852,0.0633043622846089,6.15948766741539e-55,588786
"BMI -> T2D","BMI","T2D","rs1937684",0.99104220918363,0.0632906620935623,2.90284235346147e-55,588786
"BMI -> T2D","BMI","T2D","rs1948080",0.990379610534946,0.0633179870293,3.80496725465925e-55,588786
"BMI -> T2D","BMI","T2D","rs1951455",0.995378942541495,0.063049125938428,3.80189887287429e-56,588786
"BMI -> T2D","BMI","T2D","rs1982441",0.992810357147383,0.0632272554241005,1.45964820150938e-55,588786
"BMI -> T2D","BMI","T2D","rs1993709",0.989211769249576,0.0634868674861789,9.74582028991096e-55,588786
"BMI -> T2D","BMI","T2D","rs1999494",0.992374467407686,0.0632187487281128,1.57392925020549e-55,588786
"BMI -> T2D","BMI","T2D","rs2007231",0.98976565159243,0.0632902132397829,3.97829784017213e-55,588786
"BMI -> T2D","BMI","T2D","rs200810",0.989563426902033,0.0633232869650634,4.75495832041228e-55,588786
"BMI -> T2D","BMI","T2D","rs2010281",0.987416482523457,0.0632958782847874,7.27800473307494e-55,588786
"BMI -> T2D","BMI","T2D","rs2047648",0.990791367036455,0.0632923568464391,3.10987461334686e-55,588786
"BMI -> T2D","BMI","T2D","rs2051559",0.988670971418907,0.0632772153278563,4.96272566723889e-55,588786
"BMI -> T2D","BMI","T2D","rs2065418",0.988272696782691,0.0633154679857074,6.35093884987363e-55,588786
"BMI -> T2D","BMI","T2D","rs208015",0.996235853564286,0.0631756082149294,5.0598239268763e-56,588786
"BMI -> T2D","BMI","T2D","rs2124499",0.996661531494145,0.0628940869244622,1.48241758131341e-56,588786
"BMI -> T2D","BMI","T2D","rs2143253",0.98998807120105,0.0633100572885237,4.06598797974916e-55,588786
"BMI -> T2D","BMI","T2D","rs215634",0.988797286583125,0.0633143957891822,5.55429534511206e-55,588786
"BMI -> T2D","BMI","T2D","rs2162524",0.990006792536413,0.0633292390139115,4.35954821017817e-55,588786
"BMI -> T2D","BMI","T2D","rs2169642",0.989600012736551,0.0632995214262132,4.29752369526219e-55,588786
"BMI -> T2D","BMI","T2D","rs2174307",0.989888524874059,0.0633062776901306,4.10697652456521e-55,588786
"BMI -> T2D","BMI","T2D","rs217671",0.989691340836642,0.0633106703176965,4.38684059364857e-55,588786
"BMI -> T2D","BMI","T2D","rs2192158",0.991802183974468,0.0632918914042318,2.41481635474644e-55,588786
"BMI -> T2D","BMI","T2D","rs2196618",0.990236067312214,0.0633155071662545,3.9051234953911e-55,588786
"BMI -> T2D","BMI","T2D","rs2228213",0.99157748639685,0.06331522361385,2.79623046090365e-55,588786
"BMI -> T2D","BMI","T2D","rs2235564",0.988126064975271,0.0632592486591084,5.29870981843516e-55,588786
"BMI -> T2D","BMI","T2D","rs2237403",0.989233856454461,0.0632888935341143,4.51605784996012e-55,588786
"BMI -> T2D","BMI","T2D","rs2242189",0.991390043897344,0.0633057573352426,2.8235831197358e-55,588786
"BMI -> T2D","BMI","T2D","rs2246012",0.986333367260607,0.0631577192160085,5.57787216668732e-55,588786
"BMI -> T2D","BMI","T2D","rs2257791",0.99039496214501,0.0633098819106475,3.67314639049141e-55,588786
"BMI -> T2D","BMI","T2D","rs2271189",0.989362138232528,0.0633175144284346,4.88765715614371e-55,588786
"BMI -> T2D","BMI","T2D","rs2281819",0.990965187642863,0.0633155986179529,3.26006301550225e-55,588786
"BMI -> T2D","BMI","T2D","rs2283093",0.99133518008582,0.0632782873353911,2.57210955703558e-55,588786
"BMI -> T2D","BMI","T2D","rs2285178",0.992278385412847,0.0632318049814206,1.69655012002359e-55,588786
"BMI -> T2D","BMI","T2D","rs2307111",0.986086529998577,0.0634680370756505,1.95681132315716e-54,588786
"BMI -> T2D","BMI","T2D","rs2357760",0.989939126111366,0.0633300084484213,4.44651102287843e-55,588786
"BMI -> T2D","BMI","T2D","rs2365389",0.991730486888752,0.0633611593480969,3.21811253310401e-55,588786
"BMI -> T2D","BMI","T2D","rs2367112",0.991172842770164,0.0633075440834215,3.00084858890621e-55,588786
"BMI -> T2D","BMI","T2D","rs2423668",0.990461163976552,0.0632977796797963,3.44744521689554e-55,588786
"BMI -> T2D","BMI","T2D","rs2425840",0.990027764316794,0.0633048537155973,3.94571302280907e-55,588786
"BMI -> T2D","BMI","T2D","rs2429150",0.989860039940235,0.0632975116338101,3.9978341520361e-55,588786
"BMI -> T2D","BMI","T2D","rs2479958",0.989050793200971,0.0633220552383408,5.37314923744913e-55,588786
"BMI -> T2D","BMI","T2D","rs2481665",0.989241256284321,0.0633442473124403,5.58494353602998e-55,588786
"BMI -> T2D","BMI","T2D","rs2543132",0.990985825555925,0.0632969309985023,3.01643025346175e-55,588786
"BMI -> T2D","BMI","T2D","rs2605603",0.989251004632915,0.0632873224198088,4.46959224819605e-55,588786
"BMI -> T2D","BMI","T2D","rs2608703",0.990481723708128,0.0633247627683649,3.80861960907116e-55,588786
"BMI -> T2D","BMI","T2D","rs2612576",0.990078560257567,0.0632933202325007,3.72576521278586e-55,588786
"BMI -> T2D","BMI","T2D","rs262130",0.991220588653154,0.0632792389513082,2.65624807294275e-55,588786
"BMI -> T2D","BMI","T2D","rs2693826",0.988419447611045,0.0632895416683468,5.54011946602862e-55,588786
"BMI -> T2D","BMI","T2D","rs2694047",0.990697513915377,0.0633418692144884,3.85782606783911e-55,588786
"BMI -> T2D","BMI","T2D","rs2744974",0.998290820043565,0.0632970495501917,4.88579294066903e-56,588786
"BMI -> T2D","BMI","T2D","rs2791653",0.994330556633459,0.0631460857569345,7.25761946416718e-56,588786
"BMI -> T2D","BMI","T2D","rs2820311",0.989042083899818,0.0634102922121854,7.5700018936956e-55,588786
"BMI -> T2D","BMI","T2D","rs2832283",0.99097370861235,0.0632903913071175,2.94955045791028e-55,588786
"BMI -> T2D","BMI","T2D","rs28350",0.989282776688065,0.0633138059222811,4.91366192743508e-55,588786
"BMI -> T2D","BMI","T2D","rs2836964",0.990285859674296,0.0632979698821618,3.60340805132628e-55,588786
"BMI -> T2D","BMI","T2D","rs2861683",0.989900579343087,0.0633238542015141,4.38342321424253e-55,588786
"BMI -> T2D","BMI","T2D","rs2875762",0.988989530003032,0.0632885132136619,4.79102764358586e-55,588786
"BMI -> T2D","BMI","T2D","rs2903971",0.990693339113548,0.0632991378527004,3.2715902821471e-55,588786
"BMI -> T2D","BMI","T2D","rs2907948",0.989218163784408,0.063303873167762,4.80457366737133e-55,588786
"BMI -> T2D","BMI","T2D","rs2931434",0.989362461601629,0.063276599194972,4.1706367596876e-55,588786
"BMI -> T2D","BMI","T2D","rs294704",0.989885541211208,0.0632921855557144,3.89137297818682e-55,588786
"BMI -> T2D","BMI","T2D","rs3007105",0.990486831241778,0.0633372828112275,3.99303906715619e-55,588786
"BMI -> T2D","BMI","T2D","rs326889",0.990100395108626,0.0633127001819691,3.99502590626309e-55,588786
"BMI -> T2D","BMI","T2D","rs329651",0.988486520080884,0.0632851378287931,5.35672493360155e-55,588786
"BMI -> T2D","BMI","T2D","rs331966",0.990315821076074,0.0633000920329976,3.60630579047368e-55,588786
"BMI -> T2D","BMI","T2D","rs339991",0.988880015838551,0.0632871775628309,4.89747700313842e-55,588786
"BMI -> T2D","BMI","T2D","rs349088",0.98931179995169,0.0633045544991738,4.70675454530512e-55,588786
"BMI -> T2D","BMI","T2D","rs355777",0.99046524144619,0.0633347012497905,3.97448962783128e-55,588786
"BMI -> T2D","BMI","T2D","rs3731695",0.990575638676551,0.0633121764031331,3.54354337116193e-55,588786
"BMI -> T2D","BMI","T2D","rs3732084",0.991572928986171,0.063270132751704,2.34865435357389e-55,588786
"BMI -> T2D","BMI","T2D","rs3736485",0.987213808295189,0.0632507496843106,6.4280680531137e-55,588786
"BMI -> T2D","BMI","T2D","rs3749897",0.991194663550844,0.0632979692263439,2.8755474437622e-55,588786
"BMI -> T2D","BMI","T2D","rs3754963",0.990246984125389,0.06330085173769,3.67927037503407e-55,588786
"BMI -> T2D","BMI","T2D","rs3764835",0.990668075265795,0.0632958428234337,3.25029256585241e-55,588786
"BMI -> T2D","BMI","T2D","rs3800229",0.990637214605679,0.063356163920577,4.13901241905926e-55,588786
"BMI -> T2D","BMI","T2D","rs3800637",0.990356458419664,0.0633010842904334,3.58390099770322e-55,588786
"BMI -> T2D","BMI","T2D","rs3803286",0.986914979506882,0.0632888694733469,8.01966078682597e-55,588786
"BMI -> T2D","BMI","T2D","rs3806572",0.990681202554127,0.0633149565329079,3.48939099661158e-55,588786
"BMI -> T2D","BMI","T2D","rs3807645",0.990637832963714,0.0633218682060057,3.62304811312217e-55,588786
"BMI -> T2D","BMI","T2D","rs380857",0.990244117527247,0.0632933402193723,3.57606750892398e-55,588786
"BMI -> T2D","BMI","T2D","rs3814883",0.988840437641413,0.063420441696569,8.27355541929149e-55,588786
"BMI -> T2D","BMI","T2D","rs38314",0.989972494050068,0.0633062766529403,4.02231612968456e-55,588786
"BMI -> T2D","BMI","T2D","rs3844598",0.991015673358108,0.0632810149016607,2.81440404606129e-55,588786
"BMI -> T2D","BMI","T2D","rs3902951",0.988873269714494,0.0632892413699575,4.94504532588917e-55,588786
"BMI -> T2D","BMI","T2D","rs3904244",0.99120693890322,0.0632868740184509,2.74567233490106e-55,588786
"BMI -> T2D","BMI","T2D","rs391300",0.992014906116505,0.0632778901302505,2.16875863815994e-55,588786
"BMI -> T2D","BMI","T2D","rs3977755",0.992563272091376,0.0632506852363154,1.70137292897636e-55,588786
"BMI -> T2D","BMI","T2D","rs40067",0.992818724173732,0.0633571055663136,2.41804747380287e-55,588786
"BMI -> T2D","BMI","T2D","rs4012234",0.987874722785446,0.0632657292564666,5.78258767795527e-55,588786
"BMI -> T2D","BMI","T2D","rs4148155",0.991365453008954,0.0633000755838807,2.77878120457301e-55,588786
"BMI -> T2D","BMI","T2D","rs4151664",0.990123241514543,0.0632914860831272,3.65853890101589e-55,588786
"BMI -> T2D","BMI","T2D","rs4237643",0.987406343326165,0.0633595830655208,9.32707934564955e-55,588786
"BMI -> T2D","BMI","T2D","rs427943",0.988234398157064,0.0633224171004262,6.58585593047208e-55,588786
"BMI -> T2D","BMI","T2D","rs429343",0.988826373263659,0.0633107538282129,5.43728086435905e-55,588786
"BMI -> T2D","BMI","T2D","rs4307239",0.99115445901588,0.0632927941960485,2.8465272669273e-55,588786
"BMI -> T2D","BMI","T2D","rs4358081",0.991402198784497,0.0632704863145447,2.45389681098048e-55,588786
"BMI -> T2D","BMI","T2D","rs4430672",0.990808215169669,0.0632912211191367,3.08324641669685e-55,588786
"BMI -> T2D","BMI","T2D","rs4482463",0.989978105548734,0.0633606948510652,4.95926983598368e-55,588786
"BMI -> T2D","BMI","T2D","rs4500930",0.988609291480369,0.0633098694542077,5.71803143291583e-55,588786
"BMI -> T2D","BMI","T2D","rs4518345",0.988829282497901,0.0632655675023622,4.56106551572749e-55,588786
"BMI -> T2D","BMI","T2D","rs4556997",0.990675091034504,0.063332037418494,3.73419270190009e-55,588786
"BMI -> T2D","BMI","T2D","rs4589691",0.989804240544377,0.0632914322279373,3.95907280186419e-55,588786
"BMI -> T2D","BMI","T2D","rs4639527",0.989907144534043,0.0633422600651348,4.69966028190642e-55,588786
"BMI -> T2D","BMI","T2D","rs4653017",0.991462501785576,0.0632853322132331,2.56129315417985e-55,588786
"BMI -> T2D","BMI","T2D","rs4660443",0.98519189443061,0.0630690244154095,5.24994128230453e-55,588786
"BMI -> T2D","BMI","T2D","rs4671328",0.990351096691522,0.0633958503862695,5.18039315619094e-55,588786
"BMI -> T2D","BMI","T2D","rs4713436",0.991169082903692,0.0632790065625094,2.688036488558e-55,588786
"BMI -> T2D","BMI","T2D","rs4722398",0.988805534210262,0.0632682871016675,4.63663954043444e-55,588786
"BMI -> T2D","BMI","T2D","rs4740619",0.990605647222945,0.0633831880809269,4.63164645765402e-55,588786
"BMI -> T2D","BMI","T2D","rs4757144",0.990366989530573,0.0633505385352885,4.33023641136605e-55,588786
"BMI -> T2D","BMI","T2D","rs4783830",0.99139921039062,0.063269915463261,2.45026498929876e-55,588786
"BMI -> T2D","BMI","T2D","rs4786903",0.991633918584383,0.0632752136551435,2.3595656897523e-55,588786
"BMI -> T2D","BMI","T2D","rs4800191",0.988633404114697,0.0632554591494409,4.60413830102185e-55,588786
"BMI -> T2D","BMI","T2D","rs4801117",0.990893089566521,0.0632889149225322,2.99198166610465e-55,588786
"BMI -> T2D","BMI","T2D","rs4818225",0.99004109534656,0.0633005796706997,3.86801317219717e-55,588786
"BMI -> T2D","BMI","T2D","rs4820408",0.989496316348498,0.0633383396028064,5.12471356467532e-55,588786
"BMI -> T2D","BMI","T2D","rs4851029",0.990862334220864,0.0633043926830827,3.20188728577135e-55,588786
"BMI -> T2D","BMI","T2D","rs4858193",0.98913518492761,0.0632852572382371,4.56315225054603e-55,588786
"BMI -> T2D","BMI","T2D","rs4864201",0.990440766854539,0.0633306486480227,3.93633785898518e-55,588786
"BMI -> T2D","BMI","T2D","rs4906908",0.990903467427543,0.0632908493831356,3.00681359841347e-55,588786
"BMI -> T2D","BMI","T2D","rs491711",0.988858493137084,0.0632661396256788,4.53819148935566e-55,588786
"BMI -> T2D","BMI","T2D","rs4929923",0.989786134977778,0.0633760110355787,5.51787687474711e-55,588786
"BMI -> T2D","BMI","T2D","rs4936175",0.99082170287884,0.0633069757586667,3.26697040398119e-55,588786
"BMI -> T2D","BMI","T2D","rs4937870",0.991015966466239,0.0632869551578117,2.87999841049079e-55,588786
"BMI -> T2D","BMI","T2D","rs4952843",0.99014607743315,0.0633144204644256,3.9764626354664e-55,588786
"BMI -> T2D","BMI","T2D","rs4954638",0.991112700987006,0.0632843613176174,2.78337324144865e-55,588786
"BMI -> T2D","BMI","T2D","rs4968656",0.98807401801993,0.0632256512833687,4.71224456480769e-55,588786
"BMI -> T2D","BMI","T2D","rs4981693",0.989354912520314,0.0633516530157551,5.58770608438433e-55,588786
"BMI -> T2D","BMI","T2D","rs538579",0.989015152586348,0.0632965520606952,4.91126481485202e-55,588786
"BMI -> T2D","BMI","T2D","rs543874",0.994827427471775,0.0637884027878838,7.78148861467623e-55,588786
"BMI -> T2D","BMI","T2D","rs559231",0.9897877163882,0.0633152040504745,4.35919354295402e-55,588786
"BMI -> T2D","BMI","T2D","rs577525",0.991331832858547,0.0633428878787344,3.30933268215869e-55,588786
"BMI -> T2D","BMI","T2D","rs6050446",0.989756779223901,0.0633097707023496,4.30121914675829e-55,588786
"BMI -> T2D","BMI","T2D","rs621042",0.990613608651095,0.0632970579600591,3.31013351462444e-55,588786
"BMI -> T2D","BMI","T2D","rs6235",0.993289521424337,0.0632737795006762,1.55397958969058e-55,588786
"BMI -> T2D","BMI","T2D","rs6265",0.997856700166729,0.0635647889094625,1.55442990696842e-55,588786
"BMI -> T2D","BMI","T2D","rs629443",0.992283049677156,0.0632338137690883,1.70794212739328e-55,588786
"BMI -> T2D","BMI","T2D","rs6443750",0.98911098459303,0.0632919316744168,4.71089673887453e-55,588786
"BMI -> T2D","BMI","T2D","rs6448587",0.990629363748455,0.0633124553640985,3.50040749870778e-55,588786
"BMI -> T2D","BMI","T2D","rs645040",0.989567585996765,0.0633349109570059,4.96868773769452e-55,588786
"BMI -> T2D","BMI","T2D","rs6461115",0.987434927593961,0.0632395642736006,5.82754254412518e-55,588786
"BMI -> T2D","BMI","T2D","rs6471941",0.989122060909374,0.0633045735888971,4.9337465198688e-55,588786
"BMI -> T2D","BMI","T2D","rs6500208",0.989993669857418,0.0633119074055337,4.08958177893301e-55,588786
"BMI -> T2D","BMI","T2D","rs6545714",0.986242807776622,0.06331945042752,1.06532430038905e-54,588786
"BMI -> T2D","BMI","T2D","rs6551278",0.990341344220996,0.0633246834633872,3.94232771530799e-55,588786
"BMI -> T2D","BMI","T2D","rs657452",0.994085849460013,0.0633174379490531,1.51164005176687e-55,588786
"BMI -> T2D","BMI","T2D","rs6587552",0.990287996346632,0.0633308484373948,4.09145786052048e-55,588786
"BMI -> T2D","BMI","T2D","rs6591407",0.990278806314232,0.0632943790562865,3.55974242237703e-55,588786
"BMI -> T2D","BMI","T2D","rs6593688",0.989929985805249,0.0633167110147252,4.23277093856607e-55,588786
"BMI -> T2D","BMI","T2D","rs663129",0.991985790195477,0.0640724311793605,4.57155057238456e-54,588786
"BMI -> T2D","BMI","T2D","rs6692586",0.990913781744611,0.0633252197419837,3.4276200696476e-55,588786
"BMI -> T2D","BMI","T2D","rs6712",0.988671451284397,0.0632343795955638,4.20273835612385e-55,588786
"BMI -> T2D","BMI","T2D","rs6734537",0.990383167629403,0.0632979517443528,3.51718235579146e-55,588786
"BMI -> T2D","BMI","T2D","rs6764533",0.988974879581239,0.0632767446952439,4.5941022272463e-55,588786
"BMI -> T2D","BMI","T2D","rs6772756",0.98858426644384,0.0632360347399906,4.32236563277463e-55,588786
"BMI -> T2D","BMI","T2D","rs6781254",0.990452314586997,0.063300651401537,3.49377348847248e-55,588786
"BMI -> T2D","BMI","T2D","rs6792696",0.989356725213358,0.0632871291626321,4.35066602322519e-55,588786
"BMI -> T2D","BMI","T2D","rs6804842",0.989400637837118,0.0633428861282856,5.34068209877982e-55,588786
"BMI -> T2D","BMI","T2D","rs6812882",0.987793142971775,0.0631923562060884,4.44019916511928e-55,588786
"BMI -> T2D","BMI","T2D","rs6841761",0.989309468922357,0.0633181352738055,4.96377545190948e-55,588786
"BMI -> T2D","BMI","T2D","rs6985109",0.985767221088275,0.0632581530085558,9.46283810449395e-55,588786
"BMI -> T2D","BMI","T2D","rs7024334",0.990390727815283,0.0633114297695017,3.69916208529162e-55,588786
"BMI -> T2D","BMI","T2D","rs7025938",0.990724192629159,0.0633365029120062,3.75345650500499e-55,588786
"BMI -> T2D","BMI","T2D","rs7084454",0.99372209040455,0.0633040807981368,1.57074849127866e-55,588786
"BMI -> T2D","BMI","T2D","rs7102454",0.99272427102503,0.0632914953266744,1.91698214341689e-55,588786
"BMI -> T2D","BMI","T2D","rs7117238",0.99035229847376,0.0632983832821986,3.55017560787375e-55,588786
"BMI -> T2D","BMI","T2D","rs7124681",0.987072395323404,0.0634876421402731,1.65508743701966e-54,588786
"BMI -> T2D","BMI","T2D","rs7138803",0.98897498470353,0.0635824256905285,1.48960831355368e-54,588786
"BMI -> T2D","BMI","T2D","rs7144011",0.985540082570601,0.0634140369361043,1.82091251500432e-54,588786
"BMI -> T2D","BMI","T2D","rs7172627",0.990202754820466,0.0633063839805038,3.80059772184572e-55,588786
"BMI -> T2D","BMI","T2D","rs7173441",0.990579554110239,0.0633058410976349,3.45408405775935e-55,588786
"BMI -> T2D","BMI","T2D","rs7181498",0.9889675295735,0.0633259044707406,5.56736422617736e-55,588786
"BMI -> T2D","BMI","T2D","rs7196720",0.993044955072643,0.0632363891395917,1.42684094273383e-55,588786
"BMI -> T2D","BMI","T2D","rs7206608",0.989250353072982,0.0632993705271466,4.68397933232772e-55,588786
"BMI -> T2D","BMI","T2D","rs7222349",0.992288858150121,0.0632431866491446,1.76911880248627e-55,588786
"BMI -> T2D","BMI","T2D","rs7249149",0.991195365050184,0.0632909409884715,2.79750346057524e-55,588786
"BMI -> T2D","BMI","T2D","rs7313220",0.990020644156711,0.0633069894386912,3.98556922951899e-55,588786
"BMI -> T2D","BMI","T2D","rs7313924",0.99062661003331,0.0632921175766033,3.23673065743702e-55,588786
"BMI -> T2D","BMI","T2D","rs7318817",0.98873406664273,0.0633141137633849,5.63579233851572e-55,588786
"BMI -> T2D","BMI","T2D","rs7334078",0.990196790380355,0.0633012347796079,3.73092223636324e-55,588786
"BMI -> T2D","BMI","T2D","rs7488867",0.989044583047095,0.0633524773597816,6.05298785495574e-55,588786
"BMI -> T2D","BMI","T2D","rs7498665",0.99347423427462,0.0635296961224271,4.01442506337824e-55,588786
"BMI -> T2D","BMI","T2D","rs7512146",0.990972171038143,0.0632814529299333,2.84984317518364e-55,588786
"BMI -> T2D","BMI","T2D","rs754635",0.989734742014488,0.0633086197491871,4.30553377610358e-55,588786
"BMI -> T2D","BMI","T2D","rs7551507",0.993003003757807,0.0633555169647615,2.2956350632865e-55,588786
"BMI -> T2D","BMI","T2D","rs7557796",0.989661831634922,0.0633329563379594,4.81744626015489e-55,588786
"BMI -> T2D","BMI","T2D","rs7599312",0.99327131245907,0.0633156508658966,1.83844899250931e-55,588786
"BMI -> T2D","BMI","T2D","rs7615297",0.989018508391596,0.0632742002718272,4.5000525236879e-55,588786
"BMI -> T2D","BMI","T2D","rs7626079",0.994084766022367,0.0630622281072565,5.54274254671433e-56,588786
"BMI -> T2D","BMI","T2D","rs7637852",0.990315752041429,0.0633157339537397,3.83207143235153e-55,588786
"BMI -> T2D","BMI","T2D","rs7640424",0.988531803392329,0.0632855778873301,5.30597788413531e-55,588786
"BMI -> T2D","BMI","T2D","rs765875",0.989866094435578,0.0633072506469085,4.14549631440321e-55,588786
"BMI -> T2D","BMI","T2D","rs7683836",0.99039342287104,0.0633031930512142,3.58036981243005e-55,588786
"BMI -> T2D","BMI","T2D","rs7685048",0.987897670572912,0.0631937550902835,4.34996793065501e-55,588786
"BMI -> T2D","BMI","T2D","rs768840",0.992435603879756,0.0632376398538583,1.66902306033841e-55,588786
"BMI -> T2D","BMI","T2D","rs7694732",0.99079915082897,0.0632890168342896,3.06382477213587e-55,588786
"BMI -> T2D","BMI","T2D","rs7703576",0.989843240627488,0.063285546417315,3.8324050778187e-55,588786
"BMI -> T2D","BMI","T2D","rs7704281",0.992293595946501,0.0632562955146681,1.85989245671636e-55,588786
"BMI -> T2D","BMI","T2D","rs7715256",0.990266243429483,0.06336184474517,4.6383413219459e-55,588786
"BMI -> T2D","BMI","T2D","rs7724675",0.989410756989283,0.0632774465806794,4.13453032170483e-55,588786
"BMI -> T2D","BMI","T2D","rs7730004",0.991056233768954,0.0633173337511109,3.20877583006985e-55,588786
"BMI -> T2D","BMI","T2D","rs7730898",0.989995388006343,0.0633447596346315,4.64275177340333e-55,588786
"BMI -> T2D","BMI","T2D","rs774246",0.990047733157536,0.0632989379934459,3.83712765294737e-55,588786
"BMI -> T2D","BMI","T2D","rs775724",0.988672411257051,0.0632540232234623,4.5344783304536e-55,588786
"BMI -> T2D","BMI","T2D","rs7761673",0.988927148513704,0.0632693418040508,4.51729652957161e-55,588786
"BMI -> T2D","BMI","T2D","rs7780752",0.992230776389448,0.0632831854503557,2.09825870778483e-55,588786
"BMI -> T2D","BMI","T2D","rs7788008",0.991026186944564,0.0633348168402922,3.45988596025075e-55,588786
"BMI -> T2D","BMI","T2D","rs7819514",0.990014978870622,0.0632932248926147,3.78361279970311e-55,588786
"BMI -> T2D","BMI","T2D","rs7826312",0.990500559824087,0.063300688545925,3.45268663546077e-55,588786
"BMI -> T2D","BMI","T2D","rs7844647",0.99067699130116,0.0633046473984261,3.3559608317741e-55,588786
"BMI -> T2D","BMI","T2D","rs7869771",0.992139611867869,0.0632752662339435,2.08110050529754e-55,588786
"BMI -> T2D","BMI","T2D","rs7899106",0.9906556879159,0.0633401260368137,3.87177912125163e-55,588786
"BMI -> T2D","BMI","T2D","rs7903146",1.04952014202009,0.0413468644164717,3.85558843836768e-142,588786
"BMI -> T2D","BMI","T2D","rs7925214",0.989740643896537,0.0633268966395111,4.61472950669254e-55,588786
"BMI -> T2D","BMI","T2D","rs7933205",0.990118655584508,0.0632915276879867,3.66329673396361e-55,588786
"BMI -> T2D","BMI","T2D","rs7941030",0.991224667290365,0.0632964701970365,2.83760166138482e-55,588786
"BMI -> T2D","BMI","T2D","rs7983065",0.989114164165599,0.0633169855345223,5.18672283445277e-55,588786
"BMI -> T2D","BMI","T2D","rs8027205",0.991161694659908,0.0632854703351932,2.76158711301311e-55,588786
"BMI -> T2D","BMI","T2D","rs8036040",0.990359941005701,0.0633008125283201,3.57702884975305e-55,588786
"BMI -> T2D","BMI","T2D","rs8047395",0.971575141728107,0.0646502416557761,4.80050316598252e-51,588786
"BMI -> T2D","BMI","T2D","rs8065336",0.990602470750152,0.0633002840459551,3.3611603900273e-55,588786
"BMI -> T2D","BMI","T2D","rs806600",0.991360872987843,0.0632700620789838,2.47514795969236e-55,588786
"BMI -> T2D","BMI","T2D","rs8071182",0.99043469492066,0.0633007273477801,3.51011979685115e-55,588786
"BMI -> T2D","BMI","T2D","rs8097672",0.987636711793726,0.0632650832433821,6.11856979120025e-55,588786
"BMI -> T2D","BMI","T2D","rs8123881",0.991142739453794,0.0633226210072605,3.20579209420626e-55,588786
"BMI -> T2D","BMI","T2D","rs818524",0.991520933546256,0.063264331804219,2.326029394864e-55,588786
"BMI -> T2D","BMI","T2D","rs8192675",0.998888557647688,0.0627594354970588,4.89594826182807e-57,588786
"BMI -> T2D","BMI","T2D","rs825688",0.990187844306767,0.0632910527391154,3.59429544570646e-55,588786
"BMI -> T2D","BMI","T2D","rs845084",0.989265356904114,0.0632997653535119,4.67373376079735e-55,588786
"BMI -> T2D","BMI","T2D","rs852056",0.990779171086089,0.0633017888960117,3.23577550118292e-55,588786
"BMI -> T2D","BMI","T2D","rs865809",0.989415184232703,0.0632882866529802,4.30732870956689e-55,588786
"BMI -> T2D","BMI","T2D","rs872281",0.990849287195392,0.0632988106613909,3.14334182151702e-55,588786
"BMI -> T2D","BMI","T2D","rs876605",0.989619576689772,0.0632828607318052,4.00910774685363e-55,588786
"BMI -> T2D","BMI","T2D","rs889398",0.985512179549454,0.0633095286068493,1.22819959232084e-54,588786
"BMI -> T2D","BMI","T2D","rs901630",0.988764416557309,0.0633228157049282,5.78501266149316e-55,588786
"BMI -> T2D","BMI","T2D","rs902695",0.991263031995966,0.0632803075325775,2.63933216407413e-55,588786
"BMI -> T2D","BMI","T2D","rs9288754",0.991151871107572,0.0632776370466598,2.68520561530303e-55,588786
"BMI -> T2D","BMI","T2D","rs9294260",0.989756732807541,0.0633325043871322,4.69727488182349e-55,588786
"BMI -> T2D","BMI","T2D","rs9300422",0.989621327437246,0.0632904721650874,4.12745827642456e-55,588786
"BMI -> T2D","BMI","T2D","rs930295",0.990318664376582,0.0633403622258944,4.21298841138382e-55,588786
"BMI -> T2D","BMI","T2D","rs934224",0.990548616723123,0.0632893764615077,3.26505528168595e-55,588786
"BMI -> T2D","BMI","T2D","rs9362662",0.991357490342138,0.0632858735904983,2.6345690789165e-55,588786
"BMI -> T2D","BMI","T2D","rs9367368",0.98895036731619,0.0632878557429008,4.82546359156438e-55,588786
"BMI -> T2D","BMI","T2D","rs9375702",0.99346851711594,0.0631496499727508,9.13222009153415e-56,588786
"BMI -> T2D","BMI","T2D","rs9382285",0.989683485450554,0.0632858071792523,3.99140959094162e-55,588786
"BMI -> T2D","BMI","T2D","rs9408882",0.990825109680338,0.0632887271213971,3.04070776652614e-55,588786
"BMI -> T2D","BMI","T2D","rs9458814",0.991185399699124,0.0632780175811914,2.66687012653084e-55,588786
"BMI -> T2D","BMI","T2D","rs946824",0.989691845926846,0.0633202823184585,4.55272972014651e-55,588786
"BMI -> T2D","BMI","T2D","rs947612",0.990175386476584,0.0632951030345023,3.66257048778056e-55,588786
"BMI -> T2D","BMI","T2D","rs9478496",0.98961649074444,0.0632972455658654,4.2423985709027e-55,588786
"BMI -> T2D","BMI","T2D","rs9522285",0.98826115307968,0.063266828854278,5.27684043089708e-55,588786
"BMI -> T2D","BMI","T2D","rs9527895",0.989551872140146,0.0633052346029902,4.44651447598752e-55,588786
"BMI -> T2D","BMI","T2D","rs9569777",0.987522000753101,0.0632871881811073,6.85639072635728e-55,588786
"BMI -> T2D","BMI","T2D","rs9599161",0.989791842783847,0.0632955368760196,4.03501243426992e-55,588786
"BMI -> T2D","BMI","T2D","rs962273",0.985640150355606,0.063066368452314,4.64777865101837e-55,588786
"BMI -> T2D","BMI","T2D","rs962796",0.989197408365854,0.0632943153365535,4.65381669655139e-55,588786
"BMI -> T2D","BMI","T2D","rs9650755",0.988696337873058,0.0632978965024434,5.34276376677814e-55,588786
"BMI -> T2D","BMI","T2D","rs9688431",0.990513364617953,0.0633053391891586,3.50445320401742e-55,588786
"BMI -> T2D","BMI","T2D","rs977747",0.988954342581754,0.0633557960836216,6.26949321103175e-55,588786
"BMI -> T2D","BMI","T2D","rs9783858",0.99127325214493,0.0632769993454771,2.59894220143602e-55,588786
"BMI -> T2D","BMI","T2D","rs9806742",0.991113282962605,0.0633154720202145,3.14085619230025e-55,588786
"BMI -> T2D","BMI","T2D","rs9816226",0.989611892501953,0.0634870194511375,8.83570250721121e-55,588786
"BMI -> T2D","BMI","T2D","rs9827823",0.988742029522812,0.063298208429958,5.28899973849687e-55,588786
"BMI -> T2D","BMI","T2D","rs9845966",0.988175403345801,0.0632378752564045,4.8182348256816e-55,588786
"BMI -> T2D","BMI","T2D","rs987237",0.984771892564082,0.0636154893281227,4.72996697364626e-54,588786
"BMI -> T2D","BMI","T2D","rs9926784",0.990842002853869,0.0634087129166799,4.82177079593152e-55,588786
"BMI -> T2D","BMI","T2D","rs9927848",0.98999997826806,0.0632981353638288,3.87078492096967e-55,588786
"BMI -> T2D","BMI","T2D","rs9951619",0.987074935393368,0.0632428430405328,6.4527511927178e-55,588786
"BMI -> T2D","BMI","T2D","rs998732",0.990800976106166,0.0633167586214653,3.41099502934085e-55,588786
"BMI -> T2D","BMI","T2D","rs9989141",0.991174570204911,0.0633341115287614,3.32572093653998e-55,588786
"BMI -> T2D","BMI","T2D","rs999889",0.989845809388467,0.0632885562534304,3.87496417173419e-55,588786
"BMI -> T2D","BMI","T2D","All",0.990296297660629,0.0631954506060068,2.4115907281671e-55,588786
